0 verbose cli /home/jez/.nvm/versions/node/v20.20.0/bin/node /home/jez/.nvm/versions/node/v20.20.0/bin/npm
1 info using npm@10.8.2
2 info using node@v20.20.0
3 silly config load:file:/home/jez/.nvm/versions/node/v20.20.0/lib/node_modules/npm/npmrc
4 silly config load:file:/home/jez/agent-jenson/workspace/.npmrc
5 silly config load:file:/home/jez/.nvm/versions/node/v20.20.0/etc/npmrc
6 verbose title npm install
7 verbose argv "install"
8 verbose logfile logs-max:10 dir:/home/jez/agent-jenson/workspace/.npm/_logs/2026-02-23T12_58_23_455Z-
9 verbose logfile /home/jez/agent-jenson/workspace/.npm/_logs/2026-02-23T12_58_23_455Z-debug-0.log
10 silly packumentCache heap:2197815296 maxSize:549453824 maxEntrySize:274726912
11 silly logfile done cleaning log files
12 silly idealTree buildDeps
13 silly fetch manifest next@15.3.3
14 silly packumentCache full:https://registry.npmjs.org/next cache-miss
15 http fetch GET 200 https://registry.npmjs.org/next 345ms (cache miss)
16 silly packumentCache full:https://registry.npmjs.org/next set size:undefined disposed:false
17 silly fetch manifest @opentelemetry/api@^1.1.0
18 silly packumentCache full:https://registry.npmjs.org/@opentelemetry%2fapi cache-miss
19 http fetch GET 200 https://registry.npmjs.org/@opentelemetry%2fapi 51ms (cache miss)
20 silly packumentCache full:https://registry.npmjs.org/@opentelemetry%2fapi set size:undefined disposed:false
21 silly fetch manifest @playwright/test@^1.41.2
22 silly packumentCache full:https://registry.npmjs.org/@playwright%2ftest cache-miss
23 http fetch GET 200 https://registry.npmjs.org/@playwright%2ftest 147ms (cache miss)
24 silly packumentCache full:https://registry.npmjs.org/@playwright%2ftest set size:undefined disposed:false
25 silly fetch manifest babel-plugin-react-compiler@*
26 silly packumentCache full:https://registry.npmjs.org/babel-plugin-react-compiler cache-miss
27 http fetch GET 200 https://registry.npmjs.org/babel-plugin-react-compiler 34ms (cache miss)
28 silly packumentCache full:https://registry.npmjs.org/babel-plugin-react-compiler set size:undefined disposed:false
29 silly fetch manifest react@^19.0.0
30 silly packumentCache full:https://registry.npmjs.org/react cache-miss
31 http fetch GET 200 https://registry.npmjs.org/react 82ms (cache miss)
32 silly packumentCache full:https://registry.npmjs.org/react set size:undefined disposed:false
33 silly fetch manifest react-dom@^19.0.0
34 silly packumentCache full:https://registry.npmjs.org/react-dom cache-miss
35 http fetch GET 200 https://registry.npmjs.org/react-dom 151ms (cache miss)
36 silly packumentCache full:https://registry.npmjs.org/react-dom set size:undefined disposed:false
37 silly fetch manifest sass@^1.3.0
38 silly packumentCache full:https://registry.npmjs.org/sass cache-miss
39 http fetch GET 200 https://registry.npmjs.org/sass 30ms (cache miss)
40 silly packumentCache full:https://registry.npmjs.org/sass set size:undefined disposed:false
41 silly fetch manifest @testing-library/react@^16.3.0
42 silly packumentCache full:https://registry.npmjs.org/@testing-library%2freact cache-miss
43 http fetch GET 200 https://registry.npmjs.org/@testing-library%2freact 46ms (cache miss)
44 silly packumentCache full:https://registry.npmjs.org/@testing-library%2freact set size:undefined disposed:false
45 silly fetch manifest @testing-library/dom@^10.0.0
46 silly packumentCache full:https://registry.npmjs.org/@testing-library%2fdom cache-miss
47 http fetch GET 200 https://registry.npmjs.org/@testing-library%2fdom 47ms (cache miss)
48 silly packumentCache full:https://registry.npmjs.org/@testing-library%2fdom set size:undefined disposed:false
49 silly fetch manifest @types/react@^19
50 silly packumentCache full:https://registry.npmjs.org/@types%2freact cache-miss
51 http fetch GET 200 https://registry.npmjs.org/@types%2freact 61ms (cache miss)
52 silly packumentCache full:https://registry.npmjs.org/@types%2freact set size:undefined disposed:false
53 silly fetch manifest @types/react-dom@^19
54 silly packumentCache full:https://registry.npmjs.org/@types%2freact-dom cache-miss
55 http fetch GET 200 https://registry.npmjs.org/@types%2freact-dom 38ms (cache miss)
56 silly packumentCache full:https://registry.npmjs.org/@types%2freact-dom set size:undefined disposed:false
57 silly fetch manifest @types/node@^22
58 silly packumentCache full:https://registry.npmjs.org/@types%2fnode cache-miss
59 http fetch GET 200 https://registry.npmjs.org/@types%2fnode 124ms (cache miss)
60 silly packumentCache full:https://registry.npmjs.org/@types%2fnode set size:undefined disposed:false
61 silly fetch manifest @vitejs/plugin-react@^4.5.2
62 silly packumentCache full:https://registry.npmjs.org/@vitejs%2fplugin-react cache-miss
63 http fetch GET 200 https://registry.npmjs.org/@vitejs%2fplugin-react 42ms (cache miss)
64 silly packumentCache full:https://registry.npmjs.org/@vitejs%2fplugin-react set size:undefined disposed:false
65 silly fetch manifest vite@^4.2.0 || ^5.0.0 || ^6.0.0 || ^7.0.0
66 silly packumentCache full:https://registry.npmjs.org/vite cache-miss
67 http fetch GET 200 https://registry.npmjs.org/vite 639ms (cache miss)
68 silly packumentCache full:https://registry.npmjs.org/vite set size:undefined disposed:false
69 silly fetch manifest jiti@>=1.21.0
70 silly packumentCache full:https://registry.npmjs.org/jiti cache-miss
71 http fetch GET 200 https://registry.npmjs.org/jiti 30ms (cache miss)
72 silly packumentCache full:https://registry.npmjs.org/jiti set size:undefined disposed:false
73 silly fetch manifest less@^4.0.0
74 silly packumentCache full:https://registry.npmjs.org/less cache-miss
75 http fetch GET 200 https://registry.npmjs.org/less 29ms (cache miss)
76 silly packumentCache full:https://registry.npmjs.org/less set size:undefined disposed:false
77 silly fetch manifest lightningcss@^1.21.0
78 silly packumentCache full:https://registry.npmjs.org/lightningcss cache-miss
79 http fetch GET 200 https://registry.npmjs.org/lightningcss 22ms (cache miss)
80 silly packumentCache full:https://registry.npmjs.org/lightningcss set size:undefined disposed:false
81 silly fetch manifest sass@^1.70.0
82 silly packumentCache full:https://registry.npmjs.org/sass cache-miss
83 http fetch GET 200 https://registry.npmjs.org/sass 7ms (cache hit)
84 silly packumentCache full:https://registry.npmjs.org/sass set size:722061 disposed:false
85 silly fetch manifest sass-embedded@^1.70.0
86 silly packumentCache full:https://registry.npmjs.org/sass-embedded cache-miss
87 http fetch GET 200 https://registry.npmjs.org/sass-embedded 26ms (cache miss)
88 silly packumentCache full:https://registry.npmjs.org/sass-embedded set size:undefined disposed:false
89 silly fetch manifest stylus@>=0.54.8
90 silly packumentCache full:https://registry.npmjs.org/stylus cache-miss
91 http fetch GET 200 https://registry.npmjs.org/stylus 26ms (cache miss)
92 silly packumentCache full:https://registry.npmjs.org/stylus set size:undefined disposed:false
93 silly fetch manifest sugarss@^5.0.0
94 silly packumentCache full:https://registry.npmjs.org/sugarss cache-miss
95 http fetch GET 200 https://registry.npmjs.org/sugarss 23ms (cache miss)
96 silly packumentCache full:https://registry.npmjs.org/sugarss set size:undefined disposed:false
97 silly fetch manifest postcss@^8.3.3
98 silly packumentCache full:https://registry.npmjs.org/postcss cache-miss
99 http fetch GET 200 https://registry.npmjs.org/postcss 38ms (cache miss)
100 silly packumentCache full:https://registry.npmjs.org/postcss set size:undefined disposed:false
101 silly fetch manifest terser@^5.16.0
102 silly packumentCache full:https://registry.npmjs.org/terser cache-miss
103 http fetch GET 200 https://registry.npmjs.org/terser 33ms (cache miss)
104 silly packumentCache full:https://registry.npmjs.org/terser set size:undefined disposed:false
105 silly fetch manifest tsx@^4.8.1
106 silly packumentCache full:https://registry.npmjs.org/tsx cache-miss
107 http fetch GET 200 https://registry.npmjs.org/tsx 27ms (cache miss)
108 silly packumentCache full:https://registry.npmjs.org/tsx set size:undefined disposed:false
109 silly fetch manifest yaml@^2.4.2
110 silly packumentCache full:https://registry.npmjs.org/yaml cache-miss
111 http fetch GET 200 https://registry.npmjs.org/yaml 29ms (cache miss)
112 silly packumentCache full:https://registry.npmjs.org/yaml set size:undefined disposed:false
113 silly fetch manifest jsdom@^26.1.0
114 silly packumentCache full:https://registry.npmjs.org/jsdom cache-miss
115 http fetch GET 200 https://registry.npmjs.org/jsdom 31ms (cache miss)
116 silly packumentCache full:https://registry.npmjs.org/jsdom set size:undefined disposed:false
117 silly fetch manifest canvas@^3.0.0
118 silly packumentCache full:https://registry.npmjs.org/canvas cache-miss
119 http fetch GET 200 https://registry.npmjs.org/canvas 27ms (cache miss)
120 silly packumentCache full:https://registry.npmjs.org/canvas set size:undefined disposed:false
121 silly fetch manifest tailwindcss@^4
122 silly packumentCache full:https://registry.npmjs.org/tailwindcss cache-miss
123 http fetch GET 200 https://registry.npmjs.org/tailwindcss 110ms (cache miss)
124 silly packumentCache full:https://registry.npmjs.org/tailwindcss set size:undefined disposed:false
125 silly fetch manifest @tailwindcss/postcss@^4
126 silly packumentCache full:https://registry.npmjs.org/@tailwindcss%2fpostcss cache-miss
127 http fetch GET 200 https://registry.npmjs.org/@tailwindcss%2fpostcss 47ms (cache miss)
128 silly packumentCache full:https://registry.npmjs.org/@tailwindcss%2fpostcss set size:undefined disposed:false
129 silly fetch manifest typescript@^5
130 silly packumentCache full:https://registry.npmjs.org/typescript cache-miss
131 http fetch GET 200 https://registry.npmjs.org/typescript 122ms (cache miss)
132 silly packumentCache full:https://registry.npmjs.org/typescript set size:undefined disposed:false
133 silly fetch manifest vitest@^3.2.3
134 silly packumentCache full:https://registry.npmjs.org/vitest cache-miss
135 http fetch GET 200 https://registry.npmjs.org/vitest 39ms (cache miss)
136 silly packumentCache full:https://registry.npmjs.org/vitest set size:undefined disposed:false
137 silly fetch manifest @edge-runtime/vm@*
138 silly packumentCache full:https://registry.npmjs.org/@edge-runtime%2fvm cache-miss
139 http fetch GET 200 https://registry.npmjs.org/@edge-runtime%2fvm 51ms (cache miss)
140 silly packumentCache full:https://registry.npmjs.org/@edge-runtime%2fvm set size:undefined disposed:false
141 silly fetch manifest @types/debug@^4.1.12
142 silly packumentCache full:https://registry.npmjs.org/@types%2fdebug cache-miss
143 http fetch GET 200 https://registry.npmjs.org/@types%2fdebug 28ms (cache miss)
144 silly packumentCache full:https://registry.npmjs.org/@types%2fdebug set size:undefined disposed:false
145 silly fetch manifest @vitest/browser@3.2.4
146 silly packumentCache full:https://registry.npmjs.org/@vitest%2fbrowser cache-miss
147 http fetch GET 200 https://registry.npmjs.org/@vitest%2fbrowser 206ms (cache miss)
148 silly packumentCache full:https://registry.npmjs.org/@vitest%2fbrowser set size:undefined disposed:false
149 silly fetch manifest playwright@*
150 silly packumentCache full:https://registry.npmjs.org/playwright cache-miss
151 http fetch GET 200 https://registry.npmjs.org/playwright 182ms (cache miss)
152 silly packumentCache full:https://registry.npmjs.org/playwright set size:undefined disposed:false
153 silly fetch manifest webdriverio@^7.0.0 || ^8.0.0 || ^9.0.0
154 silly packumentCache full:https://registry.npmjs.org/webdriverio cache-miss
155 http fetch GET 200 https://registry.npmjs.org/webdriverio 53ms (cache miss)
156 silly packumentCache full:https://registry.npmjs.org/webdriverio set size:undefined disposed:false
157 silly fetch manifest puppeteer-core@>=22.x || <=24.x
158 silly packumentCache full:https://registry.npmjs.org/puppeteer-core cache-miss
159 http fetch GET 200 https://registry.npmjs.org/puppeteer-core 45ms (cache miss)
160 silly packumentCache full:https://registry.npmjs.org/puppeteer-core set size:undefined disposed:false
161 silly fetch manifest @vitest/ui@3.2.4
162 silly packumentCache full:https://registry.npmjs.org/@vitest%2fui cache-miss
163 http fetch GET 200 https://registry.npmjs.org/@vitest%2fui 46ms (cache miss)
164 silly packumentCache full:https://registry.npmjs.org/@vitest%2fui set size:undefined disposed:false
165 silly fetch manifest happy-dom@*
166 silly packumentCache full:https://registry.npmjs.org/happy-dom cache-miss
167 http fetch GET 200 https://registry.npmjs.org/happy-dom 51ms (cache miss)
168 silly packumentCache full:https://registry.npmjs.org/happy-dom set size:undefined disposed:false
169 silly placeDep ROOT @tailwindcss/postcss@4.2.0 OK for: world-clocks@0.1.0 want: ^4
170 silly placeDep ROOT @testing-library/react@16.3.2 OK for: world-clocks@0.1.0 want: ^16.3.0
171 silly placeDep ROOT @testing-library/dom@10.4.1 OK for: @testing-library/react@16.3.2 want: ^10.0.0
172 silly placeDep ROOT react@19.2.4 OK for: @testing-library/react@16.3.2 want: ^18.0.0 || ^19.0.0
173 silly placeDep ROOT react-dom@19.2.4 OK for: @testing-library/react@16.3.2 want: ^18.0.0 || ^19.0.0
174 silly placeDep ROOT @types/node@22.19.11 OK for: world-clocks@0.1.0 want: ^22
175 silly placeDep ROOT @types/react@19.2.14 OK for: world-clocks@0.1.0 want: ^19
176 silly placeDep ROOT @types/react-dom@19.2.3 OK for: world-clocks@0.1.0 want: ^19
177 silly placeDep ROOT @vitejs/plugin-react@4.7.0 OK for: world-clocks@0.1.0 want: ^4.5.2
178 silly placeDep ROOT vite@7.3.1 OK for: @vitejs/plugin-react@4.7.0 want: ^4.2.0 || ^5.0.0 || ^6.0.0 || ^7.0.0
179 silly placeDep ROOT jsdom@26.1.0 OK for: world-clocks@0.1.0 want: ^26.1.0
180 silly placeDep ROOT next@15.3.3 OK for: world-clocks@0.1.0 want: 15.3.3
181 silly placeDep ROOT tailwindcss@4.2.0 OK for: world-clocks@0.1.0 want: ^4
182 silly placeDep ROOT typescript@5.9.3 OK for: world-clocks@0.1.0 want: ^5
183 silly placeDep ROOT vitest@3.2.4 OK for: world-clocks@0.1.0 want: ^3.2.3
184 silly fetch manifest postcss@^8.5.6
185 silly packumentCache full:https://registry.npmjs.org/postcss cache-miss
186 http fetch GET 200 https://registry.npmjs.org/postcss 4ms (cache hit)
187 silly packumentCache full:https://registry.npmjs.org/postcss set size:696248 disposed:false
188 silly fetch manifest tailwindcss@4.2.0
189 silly packumentCache full:https://registry.npmjs.org/tailwindcss cache-miss
190 http fetch GET 200 https://registry.npmjs.org/tailwindcss 30ms (cache hit)
191 silly packumentCache full:https://registry.npmjs.org/tailwindcss set size:10213787 disposed:false
192 silly fetch manifest @alloc/quick-lru@^5.2.0
193 silly packumentCache full:https://registry.npmjs.org/@alloc%2fquick-lru cache-miss
194 http fetch GET 200 https://registry.npmjs.org/@alloc%2fquick-lru 33ms (cache miss)
195 silly packumentCache full:https://registry.npmjs.org/@alloc%2fquick-lru set size:undefined disposed:false
196 silly fetch manifest @tailwindcss/node@4.2.0
197 silly packumentCache full:https://registry.npmjs.org/@tailwindcss%2fnode cache-miss
198 http fetch GET 200 https://registry.npmjs.org/@tailwindcss%2fnode 46ms (cache miss)
199 silly packumentCache full:https://registry.npmjs.org/@tailwindcss%2fnode set size:undefined disposed:false
200 silly fetch manifest @tailwindcss/oxide@4.2.0
201 silly packumentCache full:https://registry.npmjs.org/@tailwindcss%2foxide cache-miss
202 http fetch GET 200 https://registry.npmjs.org/@tailwindcss%2foxide 66ms (cache miss)
203 silly packumentCache full:https://registry.npmjs.org/@tailwindcss%2foxide set size:undefined disposed:false
204 silly fetch manifest @babel/runtime@^7.12.5
205 silly packumentCache full:https://registry.npmjs.org/@babel%2fruntime cache-miss
206 http fetch GET 200 https://registry.npmjs.org/@babel%2fruntime 76ms (cache miss)
207 silly packumentCache full:https://registry.npmjs.org/@babel%2fruntime set size:undefined disposed:false
208 silly fetch manifest scheduler@^0.27.0
209 silly packumentCache full:https://registry.npmjs.org/scheduler cache-miss
210 http fetch GET 200 https://registry.npmjs.org/scheduler 78ms (cache miss)
211 silly packumentCache full:https://registry.npmjs.org/scheduler set size:undefined disposed:false
212 silly fetch manifest lz-string@^1.5.0
213 silly packumentCache full:https://registry.npmjs.org/lz-string cache-miss
214 http fetch GET 200 https://registry.npmjs.org/lz-string 24ms (cache miss)
215 silly packumentCache full:https://registry.npmjs.org/lz-string set size:undefined disposed:false
216 silly fetch manifest aria-query@5.3.0
217 silly packumentCache full:https://registry.npmjs.org/aria-query cache-miss
218 http fetch GET 200 https://registry.npmjs.org/aria-query 21ms (cache miss)
219 silly packumentCache full:https://registry.npmjs.org/aria-query set size:undefined disposed:false
220 silly fetch manifest picocolors@1.1.1
221 silly packumentCache full:https://registry.npmjs.org/picocolors cache-miss
222 http fetch GET 200 https://registry.npmjs.org/picocolors 22ms (cache miss)
223 silly packumentCache full:https://registry.npmjs.org/picocolors set size:undefined disposed:false
224 silly fetch manifest pretty-format@^27.0.2
225 silly packumentCache full:https://registry.npmjs.org/pretty-format cache-miss
226 http fetch GET 200 https://registry.npmjs.org/pretty-format 27ms (cache miss)
227 silly packumentCache full:https://registry.npmjs.org/pretty-format set size:undefined disposed:false
228 silly fetch manifest @babel/code-frame@^7.10.4
229 silly packumentCache full:https://registry.npmjs.org/@babel%2fcode-frame cache-miss
230 http fetch GET 200 https://registry.npmjs.org/@babel%2fcode-frame 43ms (cache miss)
231 silly packumentCache full:https://registry.npmjs.org/@babel%2fcode-frame set size:undefined disposed:false
232 silly fetch manifest @types/aria-query@^5.0.1
233 silly packumentCache full:https://registry.npmjs.org/@types%2faria-query cache-miss
234 http fetch GET 200 https://registry.npmjs.org/@types%2faria-query 30ms (cache miss)
235 silly packumentCache full:https://registry.npmjs.org/@types%2faria-query set size:undefined disposed:false
236 silly fetch manifest dom-accessibility-api@^0.5.9
237 silly packumentCache full:https://registry.npmjs.org/dom-accessibility-api cache-miss
238 http fetch GET 200 https://registry.npmjs.org/dom-accessibility-api 185ms (cache miss)
239 silly packumentCache full:https://registry.npmjs.org/dom-accessibility-api set size:undefined disposed:false
240 silly fetch manifest undici-types@~6.21.0
241 silly packumentCache full:https://registry.npmjs.org/undici-types cache-miss
242 http fetch GET 200 https://registry.npmjs.org/undici-types 31ms (cache miss)
243 silly packumentCache full:https://registry.npmjs.org/undici-types set size:undefined disposed:false
244 silly fetch manifest csstype@^3.2.2
245 silly packumentCache full:https://registry.npmjs.org/csstype cache-miss
246 http fetch GET 200 https://registry.npmjs.org/csstype 32ms (cache miss)
247 silly packumentCache full:https://registry.npmjs.org/csstype set size:undefined disposed:false
248 silly fetch manifest @babel/core@^7.28.0
249 silly packumentCache full:https://registry.npmjs.org/@babel%2fcore cache-miss
250 http fetch GET 200 https://registry.npmjs.org/@babel%2fcore 38ms (cache miss)
251 silly packumentCache full:https://registry.npmjs.org/@babel%2fcore set size:undefined disposed:false
252 silly fetch manifest react-refresh@^0.17.0
253 silly packumentCache full:https://registry.npmjs.org/react-refresh cache-miss
254 http fetch GET 200 https://registry.npmjs.org/react-refresh 79ms (cache miss)
255 silly packumentCache full:https://registry.npmjs.org/react-refresh set size:undefined disposed:false
256 silly fetch manifest @types/babel__core@^7.20.5
257 silly packumentCache full:https://registry.npmjs.org/@types%2fbabel__core cache-miss
258 http fetch GET 200 https://registry.npmjs.org/@types%2fbabel__core 512ms (cache miss)
259 silly packumentCache full:https://registry.npmjs.org/@types%2fbabel__core set size:undefined disposed:false
260 silly fetch manifest @rolldown/pluginutils@1.0.0-beta.27
261 silly packumentCache full:https://registry.npmjs.org/@rolldown%2fpluginutils cache-miss
262 http fetch GET 200 https://registry.npmjs.org/@rolldown%2fpluginutils 33ms (cache miss)
263 silly packumentCache full:https://registry.npmjs.org/@rolldown%2fpluginutils set size:undefined disposed:false
264 silly fetch manifest @babel/plugin-transform-react-jsx-self@^7.27.1
265 silly packumentCache full:https://registry.npmjs.org/@babel%2fplugin-transform-react-jsx-self cache-miss
266 http fetch GET 200 https://registry.npmjs.org/@babel%2fplugin-transform-react-jsx-self 1068ms (cache miss)
267 silly packumentCache full:https://registry.npmjs.org/@babel%2fplugin-transform-react-jsx-self set size:undefined disposed:false
268 silly fetch manifest @babel/plugin-transform-react-jsx-source@^7.27.1
269 silly packumentCache full:https://registry.npmjs.org/@babel%2fplugin-transform-react-jsx-source cache-miss
270 http fetch GET 200 https://registry.npmjs.org/@babel%2fplugin-transform-react-jsx-source 388ms (cache miss)
271 silly packumentCache full:https://registry.npmjs.org/@babel%2fplugin-transform-react-jsx-source set size:undefined disposed:false
272 silly fetch manifest fdir@^6.5.0
273 silly packumentCache full:https://registry.npmjs.org/fdir cache-miss
274 http fetch GET 200 https://registry.npmjs.org/fdir 23ms (cache miss)
275 silly packumentCache full:https://registry.npmjs.org/fdir set size:undefined disposed:false
276 silly fetch manifest rollup@^4.43.0
277 silly packumentCache full:https://registry.npmjs.org/rollup cache-miss
278 http fetch GET 200 https://registry.npmjs.org/rollup 67ms (cache miss)
279 silly packumentCache full:https://registry.npmjs.org/rollup set size:undefined disposed:false
280 silly fetch manifest esbuild@^0.27.0
281 silly packumentCache full:https://registry.npmjs.org/esbuild cache-miss
282 http fetch GET 200 https://registry.npmjs.org/esbuild 550ms (cache miss)
283 silly packumentCache full:https://registry.npmjs.org/esbuild set size:undefined disposed:false
284 silly fetch manifest picomatch@^4.0.3
285 silly packumentCache full:https://registry.npmjs.org/picomatch cache-miss
286 http fetch GET 200 https://registry.npmjs.org/picomatch 44ms (cache miss)
287 silly packumentCache full:https://registry.npmjs.org/picomatch set size:undefined disposed:false
288 silly fetch manifest tinyglobby@^0.2.15
289 silly packumentCache full:https://registry.npmjs.org/tinyglobby cache-miss
290 http fetch GET 200 https://registry.npmjs.org/tinyglobby 28ms (cache miss)
291 silly packumentCache full:https://registry.npmjs.org/tinyglobby set size:undefined disposed:false
292 silly fetch manifest fsevents@~2.3.3
293 silly packumentCache full:https://registry.npmjs.org/fsevents cache-miss
294 http fetch GET 200 https://registry.npmjs.org/fsevents 23ms (cache miss)
295 silly packumentCache full:https://registry.npmjs.org/fsevents set size:undefined disposed:false
296 silly fetch manifest ws@^8.18.0
297 silly packumentCache full:https://registry.npmjs.org/ws cache-miss
298 http fetch GET 200 https://registry.npmjs.org/ws 23ms (cache miss)
299 silly packumentCache full:https://registry.npmjs.org/ws set size:undefined disposed:false
300 silly fetch manifest saxes@^6.0.0
301 silly packumentCache full:https://registry.npmjs.org/saxes cache-miss
302 http fetch GET 200 https://registry.npmjs.org/saxes 26ms (cache miss)
303 silly packumentCache full:https://registry.npmjs.org/saxes set size:undefined disposed:false
304 silly fetch manifest nwsapi@^2.2.16
305 silly packumentCache full:https://registry.npmjs.org/nwsapi cache-miss
306 http fetch GET 200 https://registry.npmjs.org/nwsapi 23ms (cache miss)
307 silly packumentCache full:https://registry.npmjs.org/nwsapi set size:undefined disposed:false
308 silly fetch manifest parse5@^7.2.1
309 silly packumentCache full:https://registry.npmjs.org/parse5 cache-miss
310 http fetch GET 200 https://registry.npmjs.org/parse5 25ms (cache miss)
311 silly packumentCache full:https://registry.npmjs.org/parse5 set size:undefined disposed:false
312 silly fetch manifest cssstyle@^4.2.1
313 silly packumentCache full:https://registry.npmjs.org/cssstyle cache-miss
314 http fetch GET 200 https://registry.npmjs.org/cssstyle 190ms (cache miss)
315 silly packumentCache full:https://registry.npmjs.org/cssstyle set size:undefined disposed:false
316 silly fetch manifest data-urls@^5.0.0
317 silly packumentCache full:https://registry.npmjs.org/data-urls cache-miss
318 http fetch GET 200 https://registry.npmjs.org/data-urls 198ms (cache miss)
319 silly packumentCache full:https://registry.npmjs.org/data-urls set size:undefined disposed:false
320 silly fetch manifest decimal.js@^10.5.0
321 silly packumentCache full:https://registry.npmjs.org/decimal.js cache-miss
322 http fetch GET 200 https://registry.npmjs.org/decimal.js 191ms (cache miss)
323 silly packumentCache full:https://registry.npmjs.org/decimal.js set size:undefined disposed:false
324 silly fetch manifest whatwg-url@^14.1.1
325 silly packumentCache full:https://registry.npmjs.org/whatwg-url cache-miss
326 http fetch GET 200 https://registry.npmjs.org/whatwg-url 31ms (cache miss)
327 silly packumentCache full:https://registry.npmjs.org/whatwg-url set size:undefined disposed:false
328 silly fetch manifest rrweb-cssom@^0.8.0
329 silly packumentCache full:https://registry.npmjs.org/rrweb-cssom cache-miss
330 http fetch GET 200 https://registry.npmjs.org/rrweb-cssom 22ms (cache miss)
331 silly packumentCache full:https://registry.npmjs.org/rrweb-cssom set size:undefined disposed:false
332 silly fetch manifest symbol-tree@^3.2.4
333 silly packumentCache full:https://registry.npmjs.org/symbol-tree cache-miss
334 http fetch GET 200 https://registry.npmjs.org/symbol-tree 201ms (cache miss)
335 silly packumentCache full:https://registry.npmjs.org/symbol-tree set size:undefined disposed:false
336 silly fetch manifest tough-cookie@^5.1.1
337 silly packumentCache full:https://registry.npmjs.org/tough-cookie cache-miss
338 http fetch GET 200 https://registry.npmjs.org/tough-cookie 21ms (cache miss)
339 silly packumentCache full:https://registry.npmjs.org/tough-cookie set size:undefined disposed:false
340 silly fetch manifest whatwg-encoding@^3.1.1
341 silly packumentCache full:https://registry.npmjs.org/whatwg-encoding cache-miss
342 http fetch GET 200 https://registry.npmjs.org/whatwg-encoding 21ms (cache miss)
343 silly packumentCache full:https://registry.npmjs.org/whatwg-encoding set size:undefined disposed:false
344 silly fetch manifest whatwg-mimetype@^4.0.0
345 silly packumentCache full:https://registry.npmjs.org/whatwg-mimetype cache-miss
346 http fetch GET 200 https://registry.npmjs.org/whatwg-mimetype 22ms (cache miss)
347 silly packumentCache full:https://registry.npmjs.org/whatwg-mimetype set size:undefined disposed:false
348 silly fetch manifest http-proxy-agent@^7.0.2
349 silly packumentCache full:https://registry.npmjs.org/http-proxy-agent cache-miss
350 http fetch GET 200 https://registry.npmjs.org/http-proxy-agent 23ms (cache miss)
351 silly packumentCache full:https://registry.npmjs.org/http-proxy-agent set size:undefined disposed:false
352 silly fetch manifest https-proxy-agent@^7.0.6
353 silly packumentCache full:https://registry.npmjs.org/https-proxy-agent cache-miss
354 http fetch GET 200 https://registry.npmjs.org/https-proxy-agent 29ms (cache miss)
355 silly packumentCache full:https://registry.npmjs.org/https-proxy-agent set size:undefined disposed:false
356 silly fetch manifest w3c-xmlserializer@^5.0.0
357 silly packumentCache full:https://registry.npmjs.org/w3c-xmlserializer cache-miss
358 http fetch GET 200 https://registry.npmjs.org/w3c-xmlserializer 25ms (cache miss)
359 silly packumentCache full:https://registry.npmjs.org/w3c-xmlserializer set size:undefined disposed:false
360 silly fetch manifest webidl-conversions@^7.0.0
361 silly packumentCache full:https://registry.npmjs.org/webidl-conversions cache-miss
362 http fetch GET 200 https://registry.npmjs.org/webidl-conversions 22ms (cache miss)
363 silly packumentCache full:https://registry.npmjs.org/webidl-conversions set size:undefined disposed:false
364 silly fetch manifest xml-name-validator@^5.0.0
365 silly packumentCache full:https://registry.npmjs.org/xml-name-validator cache-miss
366 http fetch GET 200 https://registry.npmjs.org/xml-name-validator 168ms (cache miss)
367 silly packumentCache full:https://registry.npmjs.org/xml-name-validator set size:undefined disposed:false
368 silly fetch manifest html-encoding-sniffer@^4.0.0
369 silly packumentCache full:https://registry.npmjs.org/html-encoding-sniffer cache-miss
370 http fetch GET 200 https://registry.npmjs.org/html-encoding-sniffer 27ms (cache miss)
371 silly packumentCache full:https://registry.npmjs.org/html-encoding-sniffer set size:undefined disposed:false
372 silly fetch manifest is-potential-custom-element-name@^1.0.1
373 silly packumentCache full:https://registry.npmjs.org/is-potential-custom-element-name cache-miss
374 http fetch GET 200 https://registry.npmjs.org/is-potential-custom-element-name 520ms (cache miss)
375 silly packumentCache full:https://registry.npmjs.org/is-potential-custom-element-name set size:undefined disposed:false
376 silly fetch manifest busboy@1.6.0
377 silly packumentCache full:https://registry.npmjs.org/busboy cache-miss
378 http fetch GET 200 https://registry.npmjs.org/busboy 177ms (cache miss)
379 silly packumentCache full:https://registry.npmjs.org/busboy set size:undefined disposed:false
380 silly fetch manifest postcss@8.4.31
381 silly packumentCache full:https://registry.npmjs.org/postcss cache-hit
382 silly fetch manifest @next/env@15.3.3
383 silly packumentCache full:https://registry.npmjs.org/@next%2fenv cache-miss
384 http fetch GET 200 https://registry.npmjs.org/@next%2fenv 436ms (cache miss)
385 silly packumentCache full:https://registry.npmjs.org/@next%2fenv set size:undefined disposed:false
386 silly fetch manifest styled-jsx@5.1.6
387 silly packumentCache full:https://registry.npmjs.org/styled-jsx cache-miss
388 http fetch GET 200 https://registry.npmjs.org/styled-jsx 50ms (cache miss)
389 silly packumentCache full:https://registry.npmjs.org/styled-jsx set size:undefined disposed:false
390 silly fetch manifest @swc/counter@0.1.3
391 silly packumentCache full:https://registry.npmjs.org/@swc%2fcounter cache-miss
392 http fetch GET 200 https://registry.npmjs.org/@swc%2fcounter 380ms (cache miss)
393 silly packumentCache full:https://registry.npmjs.org/@swc%2fcounter set size:undefined disposed:false
394 silly fetch manifest @swc/helpers@0.5.15
395 silly packumentCache full:https://registry.npmjs.org/@swc%2fhelpers cache-miss
396 http fetch GET 200 https://registry.npmjs.org/@swc%2fhelpers 42ms (cache miss)
397 silly packumentCache full:https://registry.npmjs.org/@swc%2fhelpers set size:undefined disposed:false
398 silly fetch manifest caniuse-lite@^1.0.30001579
399 silly packumentCache full:https://registry.npmjs.org/caniuse-lite cache-miss
400 http fetch GET 200 https://registry.npmjs.org/caniuse-lite 55ms (cache miss)
401 silly packumentCache full:https://registry.npmjs.org/caniuse-lite set size:undefined disposed:false
402 silly fetch manifest sharp@^0.34.1
403 silly packumentCache full:https://registry.npmjs.org/sharp cache-miss
404 http fetch GET 200 https://registry.npmjs.org/sharp 34ms (cache miss)
405 silly packumentCache full:https://registry.npmjs.org/sharp set size:undefined disposed:false
406 silly fetch manifest @next/swc-darwin-x64@15.3.3
407 silly packumentCache full:https://registry.npmjs.org/@next%2fswc-darwin-x64 cache-miss
408 http fetch GET 200 https://registry.npmjs.org/@next%2fswc-darwin-x64 528ms (cache miss)
409 silly packumentCache full:https://registry.npmjs.org/@next%2fswc-darwin-x64 set size:undefined disposed:false
410 silly fetch manifest @next/swc-darwin-arm64@15.3.3
411 silly packumentCache full:https://registry.npmjs.org/@next%2fswc-darwin-arm64 cache-miss
412 http fetch GET 200 https://registry.npmjs.org/@next%2fswc-darwin-arm64 282ms (cache miss)
413 silly packumentCache full:https://registry.npmjs.org/@next%2fswc-darwin-arm64 set size:undefined disposed:false
414 silly fetch manifest @next/swc-linux-x64-gnu@15.3.3
415 silly packumentCache full:https://registry.npmjs.org/@next%2fswc-linux-x64-gnu cache-miss
416 http fetch GET 200 https://registry.npmjs.org/@next%2fswc-linux-x64-gnu 509ms (cache miss)
417 silly packumentCache full:https://registry.npmjs.org/@next%2fswc-linux-x64-gnu set size:undefined disposed:false
418 silly fetch manifest @next/swc-linux-x64-musl@15.3.3
419 silly packumentCache full:https://registry.npmjs.org/@next%2fswc-linux-x64-musl cache-miss
420 http fetch GET 200 https://registry.npmjs.org/@next%2fswc-linux-x64-musl 452ms (cache miss)
421 silly packumentCache full:https://registry.npmjs.org/@next%2fswc-linux-x64-musl set size:undefined disposed:false
422 silly fetch manifest @next/swc-win32-x64-msvc@15.3.3
423 silly packumentCache full:https://registry.npmjs.org/@next%2fswc-win32-x64-msvc cache-miss
424 http fetch GET 200 https://registry.npmjs.org/@next%2fswc-win32-x64-msvc 463ms (cache miss)
425 silly packumentCache full:https://registry.npmjs.org/@next%2fswc-win32-x64-msvc set size:undefined disposed:false
426 silly fetch manifest @next/swc-linux-arm64-gnu@15.3.3
427 silly packumentCache full:https://registry.npmjs.org/@next%2fswc-linux-arm64-gnu cache-miss
428 http fetch GET 200 https://registry.npmjs.org/@next%2fswc-linux-arm64-gnu 403ms (cache miss)
429 silly packumentCache full:https://registry.npmjs.org/@next%2fswc-linux-arm64-gnu set size:undefined disposed:false
430 silly fetch manifest @next/swc-linux-arm64-musl@15.3.3
431 silly packumentCache full:https://registry.npmjs.org/@next%2fswc-linux-arm64-musl cache-miss
432 http fetch GET 200 https://registry.npmjs.org/@next%2fswc-linux-arm64-musl 458ms (cache miss)
433 silly packumentCache full:https://registry.npmjs.org/@next%2fswc-linux-arm64-musl set size:undefined disposed:false
434 silly fetch manifest @next/swc-win32-arm64-msvc@15.3.3
435 silly packumentCache full:https://registry.npmjs.org/@next%2fswc-win32-arm64-msvc cache-miss
436 http fetch GET 200 https://registry.npmjs.org/@next%2fswc-win32-arm64-msvc 709ms (cache miss)
437 silly packumentCache full:https://registry.npmjs.org/@next%2fswc-win32-arm64-msvc set size:undefined disposed:false
438 silly fetch manifest chai@^5.2.0
439 silly packumentCache full:https://registry.npmjs.org/chai cache-miss
440 http fetch GET 200 https://registry.npmjs.org/chai 30ms (cache miss)
441 silly packumentCache full:https://registry.npmjs.org/chai set size:undefined disposed:false
442 silly fetch manifest debug@^4.4.1
443 silly packumentCache full:https://registry.npmjs.org/debug cache-miss
444 http fetch GET 200 https://registry.npmjs.org/debug 28ms (cache miss)
445 silly packumentCache full:https://registry.npmjs.org/debug set size:undefined disposed:false
446 silly fetch manifest pathe@^2.0.3
447 silly packumentCache full:https://registry.npmjs.org/pathe cache-miss
448 http fetch GET 200 https://registry.npmjs.org/pathe 27ms (cache miss)
449 silly packumentCache full:https://registry.npmjs.org/pathe set size:undefined disposed:false
450 silly fetch manifest std-env@^3.9.0
451 silly packumentCache full:https://registry.npmjs.org/std-env cache-miss
452 http fetch GET 200 https://registry.npmjs.org/std-env 23ms (cache miss)
453 silly packumentCache full:https://registry.npmjs.org/std-env set size:undefined disposed:false
454 silly fetch manifest tinyexec@^0.3.2
455 silly packumentCache full:https://registry.npmjs.org/tinyexec cache-miss
456 http fetch GET 200 https://registry.npmjs.org/tinyexec 20ms (cache miss)
457 silly packumentCache full:https://registry.npmjs.org/tinyexec set size:undefined disposed:false
458 silly fetch manifest tinypool@^1.1.1
459 silly packumentCache full:https://registry.npmjs.org/tinypool cache-miss
460 http fetch GET 200 https://registry.npmjs.org/tinypool 21ms (cache miss)
461 silly packumentCache full:https://registry.npmjs.org/tinypool set size:undefined disposed:false
462 silly fetch manifest picomatch@^4.0.2
463 silly packumentCache full:https://registry.npmjs.org/picomatch cache-miss
464 http fetch GET 200 https://registry.npmjs.org/picomatch 4ms (cache hit)
465 silly packumentCache full:https://registry.npmjs.org/picomatch set size:118818 disposed:false
466 silly fetch manifest tinybench@^2.9.0
467 silly packumentCache full:https://registry.npmjs.org/tinybench cache-miss
468 http fetch GET 200 https://registry.npmjs.org/tinybench 198ms (cache miss)
469 silly packumentCache full:https://registry.npmjs.org/tinybench set size:undefined disposed:false
470 silly fetch manifest vite-node@3.2.4
471 silly packumentCache full:https://registry.npmjs.org/vite-node cache-miss
472 http fetch GET 200 https://registry.npmjs.org/vite-node 32ms (cache miss)
473 silly packumentCache full:https://registry.npmjs.org/vite-node set size:undefined disposed:false
474 silly fetch manifest tinyglobby@^0.2.14
475 silly packumentCache full:https://registry.npmjs.org/tinyglobby cache-miss
476 http fetch GET 200 https://registry.npmjs.org/tinyglobby 3ms (cache hit)
477 silly packumentCache full:https://registry.npmjs.org/tinyglobby set size:49812 disposed:false
478 silly fetch manifest @types/chai@^5.2.2
479 silly packumentCache full:https://registry.npmjs.org/@types%2fchai cache-miss
480 http fetch GET 200 https://registry.npmjs.org/@types%2fchai 30ms (cache miss)
481 silly packumentCache full:https://registry.npmjs.org/@types%2fchai set size:undefined disposed:false
482 silly fetch manifest @vitest/spy@3.2.4
483 silly packumentCache full:https://registry.npmjs.org/@vitest%2fspy cache-miss
484 http fetch GET 200 https://registry.npmjs.org/@vitest%2fspy 34ms (cache miss)
485 silly packumentCache full:https://registry.npmjs.org/@vitest%2fspy set size:undefined disposed:false
486 silly fetch manifest expect-type@^1.2.1
487 silly packumentCache full:https://registry.npmjs.org/expect-type cache-miss
488 http fetch GET 200 https://registry.npmjs.org/expect-type 21ms (cache miss)
489 silly packumentCache full:https://registry.npmjs.org/expect-type set size:undefined disposed:false
490 silly fetch manifest tinyrainbow@^2.0.0
491 silly packumentCache full:https://registry.npmjs.org/tinyrainbow cache-miss
492 http fetch GET 200 https://registry.npmjs.org/tinyrainbow 21ms (cache miss)
493 silly packumentCache full:https://registry.npmjs.org/tinyrainbow set size:undefined disposed:false
494 silly fetch manifest magic-string@^0.30.17
495 silly packumentCache full:https://registry.npmjs.org/magic-string cache-miss
496 http fetch GET 200 https://registry.npmjs.org/magic-string 197ms (cache miss)
497 silly packumentCache full:https://registry.npmjs.org/magic-string set size:undefined disposed:false
498 silly fetch manifest @vitest/utils@3.2.4
499 silly packumentCache full:https://registry.npmjs.org/@vitest%2futils cache-miss
500 http fetch GET 200 https://registry.npmjs.org/@vitest%2futils 52ms (cache miss)
501 silly packumentCache full:https://registry.npmjs.org/@vitest%2futils set size:undefined disposed:false
502 silly fetch manifest @vitest/expect@3.2.4
503 silly packumentCache full:https://registry.npmjs.org/@vitest%2fexpect cache-miss
504 http fetch GET 200 https://registry.npmjs.org/@vitest%2fexpect 59ms (cache miss)
505 silly packumentCache full:https://registry.npmjs.org/@vitest%2fexpect set size:undefined disposed:false
506 silly fetch manifest @vitest/mocker@3.2.4
507 silly packumentCache full:https://registry.npmjs.org/@vitest%2fmocker cache-miss
508 http fetch GET 200 https://registry.npmjs.org/@vitest%2fmocker 215ms (cache miss)
509 silly packumentCache full:https://registry.npmjs.org/@vitest%2fmocker set size:undefined disposed:false
510 silly fetch manifest @vitest/runner@3.2.4
511 silly packumentCache full:https://registry.npmjs.org/@vitest%2frunner cache-miss
512 http fetch GET 200 https://registry.npmjs.org/@vitest%2frunner 48ms (cache miss)
513 silly packumentCache full:https://registry.npmjs.org/@vitest%2frunner set size:undefined disposed:false
514 silly fetch manifest @vitest/snapshot@3.2.4
515 silly packumentCache full:https://registry.npmjs.org/@vitest%2fsnapshot cache-miss
516 http fetch GET 200 https://registry.npmjs.org/@vitest%2fsnapshot 198ms (cache miss)
517 silly packumentCache full:https://registry.npmjs.org/@vitest%2fsnapshot set size:undefined disposed:false
518 silly fetch manifest why-is-node-running@^2.3.0
519 silly packumentCache full:https://registry.npmjs.org/why-is-node-running cache-miss
520 http fetch GET 200 https://registry.npmjs.org/why-is-node-running 22ms (cache miss)
521 silly packumentCache full:https://registry.npmjs.org/why-is-node-running set size:undefined disposed:false
522 silly fetch manifest @vitest/pretty-format@^3.2.4
523 silly packumentCache full:https://registry.npmjs.org/@vitest%2fpretty-format cache-miss
524 http fetch GET 200 https://registry.npmjs.org/@vitest%2fpretty-format 43ms (cache miss)
525 silly packumentCache full:https://registry.npmjs.org/@vitest%2fpretty-format set size:undefined disposed:false
526 silly placeDep ROOT @alloc/quick-lru@5.2.0 OK for: @tailwindcss/postcss@4.2.0 want: ^5.2.0
527 silly placeDep ROOT @tailwindcss/node@4.2.0 OK for: @tailwindcss/postcss@4.2.0 want: 4.2.0
528 silly placeDep ROOT @tailwindcss/oxide@4.2.0 OK for: @tailwindcss/postcss@4.2.0 want: 4.2.0
529 silly placeDep ROOT postcss@8.5.6 OK for: @tailwindcss/postcss@4.2.0 want: ^8.5.6
530 silly fetch manifest jiti@^2.6.1
531 silly packumentCache full:https://registry.npmjs.org/jiti cache-miss
532 http fetch GET 200 https://registry.npmjs.org/jiti 4ms (cache hit)
533 silly packumentCache full:https://registry.npmjs.org/jiti set size:382310 disposed:false
534 silly fetch manifest lightningcss@1.31.1
535 silly packumentCache full:https://registry.npmjs.org/lightningcss cache-miss
536 http fetch GET 200 https://registry.npmjs.org/lightningcss 2ms (cache hit)
537 silly packumentCache full:https://registry.npmjs.org/lightningcss set size:182441 disposed:false
538 silly fetch manifest magic-string@^0.30.21
539 silly packumentCache full:https://registry.npmjs.org/magic-string cache-miss
540 http fetch GET 200 https://registry.npmjs.org/magic-string 4ms (cache hit)
541 silly packumentCache full:https://registry.npmjs.org/magic-string set size:331817 disposed:false
542 silly fetch manifest source-map-js@^1.2.1
543 silly packumentCache full:https://registry.npmjs.org/source-map-js cache-miss
544 http fetch GET 200 https://registry.npmjs.org/source-map-js 24ms (cache miss)
545 silly packumentCache full:https://registry.npmjs.org/source-map-js set size:undefined disposed:false
546 silly fetch manifest enhanced-resolve@^5.19.0
547 silly packumentCache full:https://registry.npmjs.org/enhanced-resolve cache-miss
548 http fetch GET 200 https://registry.npmjs.org/enhanced-resolve 25ms (cache miss)
549 silly packumentCache full:https://registry.npmjs.org/enhanced-resolve set size:undefined disposed:false
550 silly fetch manifest @jridgewell/remapping@^2.3.5
551 silly packumentCache full:https://registry.npmjs.org/@jridgewell%2fremapping cache-miss
552 http fetch GET 200 https://registry.npmjs.org/@jridgewell%2fremapping 28ms (cache miss)
553 silly packumentCache full:https://registry.npmjs.org/@jridgewell%2fremapping set size:undefined disposed:false
554 silly fetch manifest @tailwindcss/oxide-darwin-x64@4.2.0
555 silly packumentCache full:https://registry.npmjs.org/@tailwindcss%2foxide-darwin-x64 cache-miss
556 http fetch GET 200 https://registry.npmjs.org/@tailwindcss%2foxide-darwin-x64 63ms (cache miss)
557 silly packumentCache full:https://registry.npmjs.org/@tailwindcss%2foxide-darwin-x64 set size:undefined disposed:false
558 silly fetch manifest @tailwindcss/oxide-freebsd-x64@4.2.0
559 silly packumentCache full:https://registry.npmjs.org/@tailwindcss%2foxide-freebsd-x64 cache-miss
560 http fetch GET 200 https://registry.npmjs.org/@tailwindcss%2foxide-freebsd-x64 63ms (cache miss)
561 silly packumentCache full:https://registry.npmjs.org/@tailwindcss%2foxide-freebsd-x64 set size:undefined disposed:false
562 silly fetch manifest @tailwindcss/oxide-wasm32-wasi@4.2.0
563 silly packumentCache full:https://registry.npmjs.org/@tailwindcss%2foxide-wasm32-wasi cache-miss
564 http fetch GET 200 https://registry.npmjs.org/@tailwindcss%2foxide-wasm32-wasi 37ms (cache miss)
565 silly packumentCache full:https://registry.npmjs.org/@tailwindcss%2foxide-wasm32-wasi set size:undefined disposed:false
566 silly fetch manifest @tailwindcss/oxide-darwin-arm64@4.2.0
567 silly packumentCache full:https://registry.npmjs.org/@tailwindcss%2foxide-darwin-arm64 cache-miss
568 http fetch GET 200 https://registry.npmjs.org/@tailwindcss%2foxide-darwin-arm64 244ms (cache miss)
569 silly packumentCache full:https://registry.npmjs.org/@tailwindcss%2foxide-darwin-arm64 set size:undefined disposed:false
570 silly fetch manifest @tailwindcss/oxide-android-arm64@4.2.0
571 silly packumentCache full:https://registry.npmjs.org/@tailwindcss%2foxide-android-arm64 cache-miss
572 http fetch GET 200 https://registry.npmjs.org/@tailwindcss%2foxide-android-arm64 57ms (cache miss)
573 silly packumentCache full:https://registry.npmjs.org/@tailwindcss%2foxide-android-arm64 set size:undefined disposed:false
574 silly fetch manifest @tailwindcss/oxide-linux-x64-gnu@4.2.0
575 silly packumentCache full:https://registry.npmjs.org/@tailwindcss%2foxide-linux-x64-gnu cache-miss
576 http fetch GET 200 https://registry.npmjs.org/@tailwindcss%2foxide-linux-x64-gnu 53ms (cache miss)
577 silly packumentCache full:https://registry.npmjs.org/@tailwindcss%2foxide-linux-x64-gnu set size:undefined disposed:false
578 silly fetch manifest @tailwindcss/oxide-linux-x64-musl@4.2.0
579 silly packumentCache full:https://registry.npmjs.org/@tailwindcss%2foxide-linux-x64-musl cache-miss
580 http fetch GET 200 https://registry.npmjs.org/@tailwindcss%2foxide-linux-x64-musl 81ms (cache miss)
581 silly packumentCache full:https://registry.npmjs.org/@tailwindcss%2foxide-linux-x64-musl set size:undefined disposed:false
582 silly fetch manifest @tailwindcss/oxide-win32-x64-msvc@4.2.0
583 silly packumentCache full:https://registry.npmjs.org/@tailwindcss%2foxide-win32-x64-msvc cache-miss
584 http fetch GET 200 https://registry.npmjs.org/@tailwindcss%2foxide-win32-x64-msvc 66ms (cache miss)
585 silly packumentCache full:https://registry.npmjs.org/@tailwindcss%2foxide-win32-x64-msvc set size:undefined disposed:false
586 silly fetch manifest @tailwindcss/oxide-linux-arm64-gnu@4.2.0
587 silly packumentCache full:https://registry.npmjs.org/@tailwindcss%2foxide-linux-arm64-gnu cache-miss
588 http fetch GET 200 https://registry.npmjs.org/@tailwindcss%2foxide-linux-arm64-gnu 57ms (cache miss)
589 silly packumentCache full:https://registry.npmjs.org/@tailwindcss%2foxide-linux-arm64-gnu set size:undefined disposed:false
590 silly fetch manifest @tailwindcss/oxide-linux-arm64-musl@4.2.0
591 silly packumentCache full:https://registry.npmjs.org/@tailwindcss%2foxide-linux-arm64-musl cache-miss
592 http fetch GET 200 https://registry.npmjs.org/@tailwindcss%2foxide-linux-arm64-musl 70ms (cache miss)
593 silly packumentCache full:https://registry.npmjs.org/@tailwindcss%2foxide-linux-arm64-musl set size:undefined disposed:false
594 silly fetch manifest @tailwindcss/oxide-win32-arm64-msvc@4.2.0
595 silly packumentCache full:https://registry.npmjs.org/@tailwindcss%2foxide-win32-arm64-msvc cache-miss
596 http fetch GET 200 https://registry.npmjs.org/@tailwindcss%2foxide-win32-arm64-msvc 71ms (cache miss)
597 silly packumentCache full:https://registry.npmjs.org/@tailwindcss%2foxide-win32-arm64-msvc set size:undefined disposed:false
598 silly fetch manifest @tailwindcss/oxide-linux-arm-gnueabihf@4.2.0
599 silly packumentCache full:https://registry.npmjs.org/@tailwindcss%2foxide-linux-arm-gnueabihf cache-miss
600 http fetch GET 200 https://registry.npmjs.org/@tailwindcss%2foxide-linux-arm-gnueabihf 56ms (cache miss)
601 silly packumentCache full:https://registry.npmjs.org/@tailwindcss%2foxide-linux-arm-gnueabihf set size:undefined disposed:false
602 silly fetch manifest nanoid@^3.3.11
603 silly packumentCache full:https://registry.npmjs.org/nanoid cache-miss
604 http fetch GET 200 https://registry.npmjs.org/nanoid 29ms (cache miss)
605 silly packumentCache full:https://registry.npmjs.org/nanoid set size:undefined disposed:false
606 silly fetch manifest picocolors@^1.1.1
607 silly packumentCache full:https://registry.npmjs.org/picocolors cache-miss
608 http fetch GET 200 https://registry.npmjs.org/picocolors 4ms (cache hit)
609 silly packumentCache full:https://registry.npmjs.org/picocolors set size:16648 disposed:false
610 silly placeDep ROOT @jridgewell/remapping@2.3.5 OK for: @tailwindcss/node@4.2.0 want: ^2.3.5
611 silly placeDep ROOT enhanced-resolve@5.19.0 OK for: @tailwindcss/node@4.2.0 want: ^5.19.0
612 silly placeDep ROOT jiti@2.6.1 OK for: @tailwindcss/node@4.2.0 want: ^2.6.1
613 silly placeDep ROOT lightningcss@1.31.1 OK for: @tailwindcss/node@4.2.0 want: 1.31.1
614 silly placeDep ROOT magic-string@0.30.21 OK for: @tailwindcss/node@4.2.0 want: ^0.30.21
615 silly placeDep ROOT source-map-js@1.2.1 OK for: @tailwindcss/node@4.2.0 want: ^1.2.1
616 silly fetch manifest @jridgewell/gen-mapping@^0.3.5
617 silly packumentCache full:https://registry.npmjs.org/@jridgewell%2fgen-mapping cache-miss
618 http fetch GET 200 https://registry.npmjs.org/@jridgewell%2fgen-mapping 49ms (cache miss)
619 silly packumentCache full:https://registry.npmjs.org/@jridgewell%2fgen-mapping set size:undefined disposed:false
620 silly fetch manifest @jridgewell/trace-mapping@^0.3.24
621 silly packumentCache full:https://registry.npmjs.org/@jridgewell%2ftrace-mapping cache-miss
622 http fetch GET 200 https://registry.npmjs.org/@jridgewell%2ftrace-mapping 37ms (cache miss)
623 silly packumentCache full:https://registry.npmjs.org/@jridgewell%2ftrace-mapping set size:undefined disposed:false
624 silly fetch manifest graceful-fs@^4.2.4
625 silly packumentCache full:https://registry.npmjs.org/graceful-fs cache-miss
626 http fetch GET 200 https://registry.npmjs.org/graceful-fs 24ms (cache miss)
627 silly packumentCache full:https://registry.npmjs.org/graceful-fs set size:undefined disposed:false
628 silly fetch manifest tapable@^2.3.0
629 silly packumentCache full:https://registry.npmjs.org/tapable cache-miss
630 http fetch GET 200 https://registry.npmjs.org/tapable 23ms (cache miss)
631 silly packumentCache full:https://registry.npmjs.org/tapable set size:undefined disposed:false
632 silly fetch manifest detect-libc@^2.0.3
633 silly packumentCache full:https://registry.npmjs.org/detect-libc cache-miss
634 http fetch GET 200 https://registry.npmjs.org/detect-libc 30ms (cache miss)
635 silly packumentCache full:https://registry.npmjs.org/detect-libc set size:undefined disposed:false
636 silly fetch manifest lightningcss-darwin-x64@1.31.1
637 silly packumentCache full:https://registry.npmjs.org/lightningcss-darwin-x64 cache-miss
638 http fetch GET 200 https://registry.npmjs.org/lightningcss-darwin-x64 25ms (cache miss)
639 silly packumentCache full:https://registry.npmjs.org/lightningcss-darwin-x64 set size:undefined disposed:false
640 silly fetch manifest lightningcss-linux-x64-gnu@1.31.1
641 silly packumentCache full:https://registry.npmjs.org/lightningcss-linux-x64-gnu cache-miss
642 http fetch GET 200 https://registry.npmjs.org/lightningcss-linux-x64-gnu 25ms (cache miss)
643 silly packumentCache full:https://registry.npmjs.org/lightningcss-linux-x64-gnu set size:undefined disposed:false
644 silly fetch manifest lightningcss-win32-x64-msvc@1.31.1
645 silly packumentCache full:https://registry.npmjs.org/lightningcss-win32-x64-msvc cache-miss
646 http fetch GET 200 https://registry.npmjs.org/lightningcss-win32-x64-msvc 23ms (cache miss)
647 silly packumentCache full:https://registry.npmjs.org/lightningcss-win32-x64-msvc set size:undefined disposed:false
648 silly fetch manifest lightningcss-win32-arm64-msvc@1.31.1
649 silly packumentCache full:https://registry.npmjs.org/lightningcss-win32-arm64-msvc cache-miss
650 http fetch GET 200 https://registry.npmjs.org/lightningcss-win32-arm64-msvc 28ms (cache miss)
651 silly packumentCache full:https://registry.npmjs.org/lightningcss-win32-arm64-msvc set size:undefined disposed:false
652 silly fetch manifest lightningcss-darwin-arm64@1.31.1
653 silly packumentCache full:https://registry.npmjs.org/lightningcss-darwin-arm64 cache-miss
654 http fetch GET 200 https://registry.npmjs.org/lightningcss-darwin-arm64 27ms (cache miss)
655 silly packumentCache full:https://registry.npmjs.org/lightningcss-darwin-arm64 set size:undefined disposed:false
656 silly fetch manifest lightningcss-linux-arm64-gnu@1.31.1
657 silly packumentCache full:https://registry.npmjs.org/lightningcss-linux-arm64-gnu cache-miss
658 http fetch GET 200 https://registry.npmjs.org/lightningcss-linux-arm64-gnu 29ms (cache miss)
659 silly packumentCache full:https://registry.npmjs.org/lightningcss-linux-arm64-gnu set size:undefined disposed:false
660 silly fetch manifest lightningcss-linux-arm-gnueabihf@1.31.1
661 silly packumentCache full:https://registry.npmjs.org/lightningcss-linux-arm-gnueabihf cache-miss
662 http fetch GET 200 https://registry.npmjs.org/lightningcss-linux-arm-gnueabihf 27ms (cache miss)
663 silly packumentCache full:https://registry.npmjs.org/lightningcss-linux-arm-gnueabihf set size:undefined disposed:false
664 silly fetch manifest lightningcss-linux-arm64-musl@1.31.1
665 silly packumentCache full:https://registry.npmjs.org/lightningcss-linux-arm64-musl cache-miss
666 http fetch GET 200 https://registry.npmjs.org/lightningcss-linux-arm64-musl 22ms (cache miss)
667 silly packumentCache full:https://registry.npmjs.org/lightningcss-linux-arm64-musl set size:undefined disposed:false
668 silly fetch manifest lightningcss-linux-x64-musl@1.31.1
669 silly packumentCache full:https://registry.npmjs.org/lightningcss-linux-x64-musl cache-miss
670 http fetch GET 200 https://registry.npmjs.org/lightningcss-linux-x64-musl 23ms (cache miss)
671 silly packumentCache full:https://registry.npmjs.org/lightningcss-linux-x64-musl set size:undefined disposed:false
672 silly fetch manifest lightningcss-freebsd-x64@1.31.1
673 silly packumentCache full:https://registry.npmjs.org/lightningcss-freebsd-x64 cache-miss
674 http fetch GET 200 https://registry.npmjs.org/lightningcss-freebsd-x64 25ms (cache miss)
675 silly packumentCache full:https://registry.npmjs.org/lightningcss-freebsd-x64 set size:undefined disposed:false
676 silly fetch manifest lightningcss-android-arm64@1.31.1
677 silly packumentCache full:https://registry.npmjs.org/lightningcss-android-arm64 cache-miss
678 http fetch GET 200 https://registry.npmjs.org/lightningcss-android-arm64 32ms (cache miss)
679 silly packumentCache full:https://registry.npmjs.org/lightningcss-android-arm64 set size:undefined disposed:false
680 silly fetch manifest @jridgewell/sourcemap-codec@^1.5.5
681 silly packumentCache full:https://registry.npmjs.org/@jridgewell%2fsourcemap-codec cache-miss
682 http fetch GET 200 https://registry.npmjs.org/@jridgewell%2fsourcemap-codec 36ms (cache miss)
683 silly packumentCache full:https://registry.npmjs.org/@jridgewell%2fsourcemap-codec set size:undefined disposed:false
684 silly placeDep ROOT @jridgewell/gen-mapping@0.3.13 OK for: @jridgewell/remapping@2.3.5 want: ^0.3.5
685 silly placeDep ROOT @jridgewell/trace-mapping@0.3.31 OK for: @jridgewell/remapping@2.3.5 want: ^0.3.24
686 silly fetch manifest @jridgewell/sourcemap-codec@^1.5.0
687 silly packumentCache full:https://registry.npmjs.org/@jridgewell%2fsourcemap-codec cache-miss
688 http fetch GET 200 https://registry.npmjs.org/@jridgewell%2fsourcemap-codec 3ms (cache hit)
689 silly packumentCache full:https://registry.npmjs.org/@jridgewell%2fsourcemap-codec set size:59275 disposed:false
690 silly fetch manifest @jridgewell/resolve-uri@^3.1.0
691 silly packumentCache full:https://registry.npmjs.org/@jridgewell%2fresolve-uri cache-miss
692 http fetch GET 200 https://registry.npmjs.org/@jridgewell%2fresolve-uri 32ms (cache miss)
693 silly packumentCache full:https://registry.npmjs.org/@jridgewell%2fresolve-uri set size:undefined disposed:false
694 silly fetch manifest @jridgewell/sourcemap-codec@^1.4.14
695 silly packumentCache full:https://registry.npmjs.org/@jridgewell%2fsourcemap-codec cache-hit
696 silly placeDep ROOT @jridgewell/sourcemap-codec@1.5.5 OK for: @jridgewell/gen-mapping@0.3.13 want: ^1.5.0
697 silly placeDep ROOT @jridgewell/resolve-uri@3.1.2 OK for: @jridgewell/trace-mapping@0.3.31 want: ^3.1.0
698 silly placeDep ROOT @tailwindcss/oxide-android-arm64@4.2.0 OK for: @tailwindcss/oxide@4.2.0 want: 4.2.0
699 silly placeDep ROOT @tailwindcss/oxide-darwin-arm64@4.2.0 OK for: @tailwindcss/oxide@4.2.0 want: 4.2.0
700 silly placeDep ROOT @tailwindcss/oxide-darwin-x64@4.2.0 OK for: @tailwindcss/oxide@4.2.0 want: 4.2.0
701 silly placeDep ROOT @tailwindcss/oxide-freebsd-x64@4.2.0 OK for: @tailwindcss/oxide@4.2.0 want: 4.2.0
702 silly placeDep ROOT @tailwindcss/oxide-linux-arm-gnueabihf@4.2.0 OK for: @tailwindcss/oxide@4.2.0 want: 4.2.0
703 silly placeDep ROOT @tailwindcss/oxide-linux-arm64-gnu@4.2.0 OK for: @tailwindcss/oxide@4.2.0 want: 4.2.0
704 silly placeDep ROOT @tailwindcss/oxide-linux-arm64-musl@4.2.0 OK for: @tailwindcss/oxide@4.2.0 want: 4.2.0
705 silly placeDep ROOT @tailwindcss/oxide-linux-x64-gnu@4.2.0 OK for: @tailwindcss/oxide@4.2.0 want: 4.2.0
706 silly placeDep ROOT @tailwindcss/oxide-linux-x64-musl@4.2.0 OK for: @tailwindcss/oxide@4.2.0 want: 4.2.0
707 silly placeDep ROOT @tailwindcss/oxide-wasm32-wasi@4.2.0 OK for: @tailwindcss/oxide@4.2.0 want: 4.2.0
708 silly placeDep ROOT @tailwindcss/oxide-win32-arm64-msvc@4.2.0 OK for: @tailwindcss/oxide@4.2.0 want: 4.2.0
709 silly placeDep ROOT @tailwindcss/oxide-win32-x64-msvc@4.2.0 OK for: @tailwindcss/oxide@4.2.0 want: 4.2.0
710 silly placeDep ROOT @babel/code-frame@7.29.0 OK for: @testing-library/dom@10.4.1 want: ^7.10.4
711 silly placeDep ROOT @babel/runtime@7.28.6 OK for: @testing-library/dom@10.4.1 want: ^7.12.5
712 silly placeDep ROOT @types/aria-query@5.0.4 OK for: @testing-library/dom@10.4.1 want: ^5.0.1
713 silly placeDep ROOT aria-query@5.3.0 OK for: @testing-library/dom@10.4.1 want: 5.3.0
714 silly placeDep ROOT dom-accessibility-api@0.5.16 OK for: @testing-library/dom@10.4.1 want: ^0.5.9
715 silly placeDep ROOT lz-string@1.5.0 OK for: @testing-library/dom@10.4.1 want: ^1.5.0
716 silly placeDep ROOT picocolors@1.1.1 OK for: @testing-library/dom@10.4.1 want: 1.1.1
717 silly placeDep ROOT pretty-format@27.5.1 OK for: @testing-library/dom@10.4.1 want: ^27.0.2
718 silly fetch manifest js-tokens@^4.0.0
719 silly packumentCache full:https://registry.npmjs.org/js-tokens cache-miss
720 http fetch GET 200 https://registry.npmjs.org/js-tokens 25ms (cache miss)
721 silly packumentCache full:https://registry.npmjs.org/js-tokens set size:undefined disposed:false
722 silly fetch manifest @babel/helper-validator-identifier@^7.28.5
723 silly packumentCache full:https://registry.npmjs.org/@babel%2fhelper-validator-identifier cache-miss
724 http fetch GET 200 https://registry.npmjs.org/@babel%2fhelper-validator-identifier 31ms (cache miss)
725 silly packumentCache full:https://registry.npmjs.org/@babel%2fhelper-validator-identifier set size:undefined disposed:false
726 silly fetch manifest dequal@^2.0.3
727 silly packumentCache full:https://registry.npmjs.org/dequal cache-miss
728 http fetch GET 200 https://registry.npmjs.org/dequal 20ms (cache miss)
729 silly packumentCache full:https://registry.npmjs.org/dequal set size:undefined disposed:false
730 silly fetch manifest react-is@^17.0.1
731 silly packumentCache full:https://registry.npmjs.org/react-is cache-miss
732 http fetch GET 200 https://registry.npmjs.org/react-is 85ms (cache miss)
733 silly packumentCache full:https://registry.npmjs.org/react-is set size:undefined disposed:false
734 silly fetch manifest ansi-regex@^5.0.1
735 silly packumentCache full:https://registry.npmjs.org/ansi-regex cache-miss
736 http fetch GET 200 https://registry.npmjs.org/ansi-regex 20ms (cache miss)
737 silly packumentCache full:https://registry.npmjs.org/ansi-regex set size:undefined disposed:false
738 silly fetch manifest ansi-styles@^5.0.0
739 silly packumentCache full:https://registry.npmjs.org/ansi-styles cache-miss
740 http fetch GET 200 https://registry.npmjs.org/ansi-styles 42ms (cache miss)
741 silly packumentCache full:https://registry.npmjs.org/ansi-styles set size:undefined disposed:false
742 silly placeDep ROOT @babel/helper-validator-identifier@7.28.5 OK for: @babel/code-frame@7.29.0 want: ^7.28.5
743 silly placeDep ROOT js-tokens@4.0.0 OK for: @babel/code-frame@7.29.0 want: ^4.0.0
744 silly placeDep ROOT undici-types@6.21.0 OK for: @types/node@22.19.11 want: ~6.21.0
745 silly placeDep ROOT csstype@3.2.3 OK for: @types/react@19.2.14 want: ^3.2.2
746 silly placeDep ROOT @babel/core@7.29.0 OK for: @vitejs/plugin-react@4.7.0 want: ^7.28.0
747 silly placeDep ROOT @babel/plugin-transform-react-jsx-self@7.27.1 OK for: @vitejs/plugin-react@4.7.0 want: ^7.27.1
748 silly placeDep ROOT @babel/plugin-transform-react-jsx-source@7.27.1 OK for: @vitejs/plugin-react@4.7.0 want: ^7.27.1
749 silly placeDep ROOT @rolldown/pluginutils@1.0.0-beta.27 OK for: @vitejs/plugin-react@4.7.0 want: 1.0.0-beta.27
750 silly placeDep ROOT @types/babel__core@7.20.5 OK for: @vitejs/plugin-react@4.7.0 want: ^7.20.5
751 silly placeDep ROOT react-refresh@0.17.0 OK for: @vitejs/plugin-react@4.7.0 want: ^0.17.0
752 silly fetch manifest debug@^4.1.0
753 silly packumentCache full:https://registry.npmjs.org/debug cache-miss
754 http fetch GET 200 https://registry.npmjs.org/debug 3ms (cache hit)
755 silly packumentCache full:https://registry.npmjs.org/debug set size:195840 disposed:false
756 silly fetch manifest json5@^2.2.3
757 silly packumentCache full:https://registry.npmjs.org/json5 cache-miss
758 http fetch GET 200 https://registry.npmjs.org/json5 20ms (cache miss)
759 silly packumentCache full:https://registry.npmjs.org/json5 set size:undefined disposed:false
760 silly fetch manifest semver@^6.3.1
761 silly packumentCache full:https://registry.npmjs.org/semver cache-miss
762 http fetch GET 200 https://registry.npmjs.org/semver 50ms (cache miss)
763 silly packumentCache full:https://registry.npmjs.org/semver set size:undefined disposed:false
764 silly fetch manifest gensync@^1.0.0-beta.2
765 silly packumentCache full:https://registry.npmjs.org/gensync cache-miss
766 http fetch GET 200 https://registry.npmjs.org/gensync 24ms (cache miss)
767 silly packumentCache full:https://registry.npmjs.org/gensync set size:undefined disposed:false
768 silly fetch manifest @babel/types@^7.29.0
769 silly packumentCache full:https://registry.npmjs.org/@babel%2ftypes cache-miss
770 http fetch GET 200 https://registry.npmjs.org/@babel%2ftypes 31ms (cache miss)
771 silly packumentCache full:https://registry.npmjs.org/@babel%2ftypes set size:undefined disposed:false
772 silly fetch manifest @babel/parser@^7.29.0
773 silly packumentCache full:https://registry.npmjs.org/@babel%2fparser cache-miss
774 http fetch GET 200 https://registry.npmjs.org/@babel%2fparser 36ms (cache miss)
775 silly packumentCache full:https://registry.npmjs.org/@babel%2fparser set size:undefined disposed:false
776 silly fetch manifest @babel/helpers@^7.28.6
777 silly packumentCache full:https://registry.npmjs.org/@babel%2fhelpers cache-miss
778 http fetch GET 200 https://registry.npmjs.org/@babel%2fhelpers 32ms (cache miss)
779 silly packumentCache full:https://registry.npmjs.org/@babel%2fhelpers set size:undefined disposed:false
780 silly fetch manifest @babel/template@^7.28.6
781 silly packumentCache full:https://registry.npmjs.org/@babel%2ftemplate cache-miss
782 http fetch GET 200 https://registry.npmjs.org/@babel%2ftemplate 29ms (cache miss)
783 silly packumentCache full:https://registry.npmjs.org/@babel%2ftemplate set size:undefined disposed:false
784 silly fetch manifest @babel/traverse@^7.29.0
785 silly packumentCache full:https://registry.npmjs.org/@babel%2ftraverse cache-miss
786 http fetch GET 200 https://registry.npmjs.org/@babel%2ftraverse 48ms (cache miss)
787 silly packumentCache full:https://registry.npmjs.org/@babel%2ftraverse set size:undefined disposed:false
788 silly fetch manifest @babel/generator@^7.29.0
789 silly packumentCache full:https://registry.npmjs.org/@babel%2fgenerator cache-miss
790 http fetch GET 200 https://registry.npmjs.org/@babel%2fgenerator 35ms (cache miss)
791 silly packumentCache full:https://registry.npmjs.org/@babel%2fgenerator set size:undefined disposed:false
792 silly fetch manifest convert-source-map@^2.0.0
793 silly packumentCache full:https://registry.npmjs.org/convert-source-map cache-miss
794 http fetch GET 200 https://registry.npmjs.org/convert-source-map 26ms (cache miss)
795 silly packumentCache full:https://registry.npmjs.org/convert-source-map set size:undefined disposed:false
796 silly fetch manifest @babel/helper-module-transforms@^7.28.6
797 silly packumentCache full:https://registry.npmjs.org/@babel%2fhelper-module-transforms cache-miss
798 http fetch GET 200 https://registry.npmjs.org/@babel%2fhelper-module-transforms 43ms (cache miss)
799 silly packumentCache full:https://registry.npmjs.org/@babel%2fhelper-module-transforms set size:undefined disposed:false
800 silly fetch manifest @babel/helper-compilation-targets@^7.28.6
801 silly packumentCache full:https://registry.npmjs.org/@babel%2fhelper-compilation-targets cache-miss
802 http fetch GET 200 https://registry.npmjs.org/@babel%2fhelper-compilation-targets 30ms (cache miss)
803 silly packumentCache full:https://registry.npmjs.org/@babel%2fhelper-compilation-targets set size:undefined disposed:false
804 silly fetch manifest @babel/helper-plugin-utils@^7.27.1
805 silly packumentCache full:https://registry.npmjs.org/@babel%2fhelper-plugin-utils cache-miss
806 http fetch GET 200 https://registry.npmjs.org/@babel%2fhelper-plugin-utils 33ms (cache miss)
807 silly packumentCache full:https://registry.npmjs.org/@babel%2fhelper-plugin-utils set size:undefined disposed:false
808 silly fetch manifest @babel/types@^7.20.7
809 silly packumentCache full:https://registry.npmjs.org/@babel%2ftypes cache-miss
810 http fetch GET 200 https://registry.npmjs.org/@babel%2ftypes 3ms (cache hit)
811 silly packumentCache full:https://registry.npmjs.org/@babel%2ftypes set size:485839 disposed:false
812 silly fetch manifest @babel/parser@^7.20.7
813 silly packumentCache full:https://registry.npmjs.org/@babel%2fparser cache-miss
814 http fetch GET 200 https://registry.npmjs.org/@babel%2fparser 4ms (cache hit)
815 silly packumentCache full:https://registry.npmjs.org/@babel%2fparser set size:714217 disposed:false
816 silly fetch manifest @types/babel__template@*
817 silly packumentCache full:https://registry.npmjs.org/@types%2fbabel__template cache-miss
818 http fetch GET 200 https://registry.npmjs.org/@types%2fbabel__template 29ms (cache miss)
819 silly packumentCache full:https://registry.npmjs.org/@types%2fbabel__template set size:undefined disposed:false
820 silly fetch manifest @types/babel__traverse@*
821 silly packumentCache full:https://registry.npmjs.org/@types%2fbabel__traverse cache-miss
822 http fetch GET 200 https://registry.npmjs.org/@types%2fbabel__traverse 34ms (cache miss)
823 silly packumentCache full:https://registry.npmjs.org/@types%2fbabel__traverse set size:undefined disposed:false
824 silly fetch manifest @types/babel__generator@*
825 silly packumentCache full:https://registry.npmjs.org/@types%2fbabel__generator cache-miss
826 http fetch GET 200 https://registry.npmjs.org/@types%2fbabel__generator 28ms (cache miss)
827 silly packumentCache full:https://registry.npmjs.org/@types%2fbabel__generator set size:undefined disposed:false
828 silly fetch manifest @babel/core@^7.0.0
829 silly packumentCache full:https://registry.npmjs.org/@babel%2fcore cache-miss
830 http fetch GET 200 https://registry.npmjs.org/@babel%2fcore 4ms (cache hit)
831 silly packumentCache full:https://registry.npmjs.org/@babel%2fcore set size:756140 disposed:false
832 silly placeDep ROOT @babel/generator@7.29.1 OK for: @babel/core@7.29.0 want: ^7.29.0
833 silly placeDep ROOT @babel/helper-compilation-targets@7.28.6 OK for: @babel/core@7.29.0 want: ^7.28.6
834 silly placeDep ROOT @babel/helper-module-transforms@7.28.6 OK for: @babel/core@7.29.0 want: ^7.28.6
835 silly placeDep ROOT @babel/helpers@7.28.6 OK for: @babel/core@7.29.0 want: ^7.28.6
836 silly placeDep ROOT @babel/parser@7.29.0 OK for: @babel/core@7.29.0 want: ^7.29.0
837 silly placeDep ROOT @babel/template@7.28.6 OK for: @babel/core@7.29.0 want: ^7.28.6
838 silly placeDep ROOT @babel/traverse@7.29.0 OK for: @babel/core@7.29.0 want: ^7.29.0
839 silly placeDep ROOT @babel/types@7.29.0 OK for: @babel/core@7.29.0 want: ^7.29.0
840 silly placeDep ROOT convert-source-map@2.0.0 OK for: @babel/core@7.29.0 want: ^2.0.0
841 silly placeDep ROOT debug@4.4.3 OK for: @babel/core@7.29.0 want: ^4.1.0
842 silly placeDep ROOT gensync@1.0.0-beta.2 OK for: @babel/core@7.29.0 want: ^1.0.0-beta.2
843 silly placeDep ROOT json5@2.2.3 OK for: @babel/core@7.29.0 want: ^2.2.3
844 silly placeDep ROOT semver@6.3.1 OK for: @babel/core@7.29.0 want: ^6.3.1
845 silly fetch manifest jsesc@^3.0.2
846 silly packumentCache full:https://registry.npmjs.org/jsesc cache-miss
847 http fetch GET 200 https://registry.npmjs.org/jsesc 21ms (cache miss)
848 silly packumentCache full:https://registry.npmjs.org/jsesc set size:undefined disposed:false
849 silly fetch manifest lru-cache@^5.1.1
850 silly packumentCache full:https://registry.npmjs.org/lru-cache cache-miss
851 http fetch GET 200 https://registry.npmjs.org/lru-cache 26ms (cache miss)
852 silly packumentCache full:https://registry.npmjs.org/lru-cache set size:undefined disposed:false
853 silly fetch manifest browserslist@^4.24.0
854 silly packumentCache full:https://registry.npmjs.org/browserslist cache-miss
855 http fetch GET 200 https://registry.npmjs.org/browserslist 32ms (cache miss)
856 silly packumentCache full:https://registry.npmjs.org/browserslist set size:undefined disposed:false
857 silly fetch manifest @babel/compat-data@^7.28.6
858 silly packumentCache full:https://registry.npmjs.org/@babel%2fcompat-data cache-miss
859 http fetch GET 200 https://registry.npmjs.org/@babel%2fcompat-data 31ms (cache miss)
860 silly packumentCache full:https://registry.npmjs.org/@babel%2fcompat-data set size:undefined disposed:false
861 silly fetch manifest @babel/helper-validator-option@^7.27.1
862 silly packumentCache full:https://registry.npmjs.org/@babel%2fhelper-validator-option cache-miss
863 http fetch GET 200 https://registry.npmjs.org/@babel%2fhelper-validator-option 28ms (cache miss)
864 silly packumentCache full:https://registry.npmjs.org/@babel%2fhelper-validator-option set size:undefined disposed:false
865 silly fetch manifest @babel/traverse@^7.28.6
866 silly packumentCache full:https://registry.npmjs.org/@babel%2ftraverse cache-miss
867 http fetch GET 200 https://registry.npmjs.org/@babel%2ftraverse 2ms (cache hit)
868 silly packumentCache full:https://registry.npmjs.org/@babel%2ftraverse set size:546499 disposed:false
869 silly fetch manifest @babel/helper-module-imports@^7.28.6
870 silly packumentCache full:https://registry.npmjs.org/@babel%2fhelper-module-imports cache-miss
871 http fetch GET 200 https://registry.npmjs.org/@babel%2fhelper-module-imports 28ms (cache miss)
872 silly packumentCache full:https://registry.npmjs.org/@babel%2fhelper-module-imports set size:undefined disposed:false
873 silly fetch manifest @babel/types@^7.28.6
874 silly packumentCache full:https://registry.npmjs.org/@babel%2ftypes cache-hit
875 silly fetch manifest debug@^4.3.1
876 silly packumentCache full:https://registry.npmjs.org/debug cache-hit
877 silly fetch manifest @babel/helper-globals@^7.28.0
878 silly packumentCache full:https://registry.npmjs.org/@babel%2fhelper-globals cache-miss
879 http fetch GET 200 https://registry.npmjs.org/@babel%2fhelper-globals 26ms (cache miss)
880 silly packumentCache full:https://registry.npmjs.org/@babel%2fhelper-globals set size:undefined disposed:false
881 silly fetch manifest @babel/helper-string-parser@^7.27.1
882 silly packumentCache full:https://registry.npmjs.org/@babel%2fhelper-string-parser cache-miss
883 http fetch GET 200 https://registry.npmjs.org/@babel%2fhelper-string-parser 31ms (cache miss)
884 silly packumentCache full:https://registry.npmjs.org/@babel%2fhelper-string-parser set size:undefined disposed:false
885 silly fetch manifest ms@^2.1.3
886 silly packumentCache full:https://registry.npmjs.org/ms cache-miss
887 http fetch GET 200 https://registry.npmjs.org/ms 30ms (cache miss)
888 silly packumentCache full:https://registry.npmjs.org/ms set size:undefined disposed:false
889 silly placeDep ROOT jsesc@3.1.0 OK for: @babel/generator@7.29.1 want: ^3.0.2
890 silly placeDep ROOT @babel/compat-data@7.29.0 OK for: @babel/helper-compilation-targets@7.28.6 want: ^7.28.6
891 silly placeDep ROOT @babel/helper-validator-option@7.27.1 OK for: @babel/helper-compilation-targets@7.28.6 want: ^7.27.1
892 silly placeDep ROOT browserslist@4.28.1 OK for: @babel/helper-compilation-targets@7.28.6 want: ^4.24.0
893 silly placeDep ROOT lru-cache@5.1.1 OK for: @babel/helper-compilation-targets@7.28.6 want: ^5.1.1
894 silly fetch manifest baseline-browser-mapping@^2.9.0
895 silly packumentCache full:https://registry.npmjs.org/baseline-browser-mapping cache-miss
896 http fetch GET 200 https://registry.npmjs.org/baseline-browser-mapping 23ms (cache miss)
897 silly packumentCache full:https://registry.npmjs.org/baseline-browser-mapping set size:undefined disposed:false
898 silly fetch manifest caniuse-lite@^1.0.30001759
899 silly packumentCache full:https://registry.npmjs.org/caniuse-lite cache-miss
900 http fetch GET 200 https://registry.npmjs.org/caniuse-lite 5ms (cache hit)
901 silly packumentCache full:https://registry.npmjs.org/caniuse-lite set size:2258713 disposed:false
902 silly fetch manifest electron-to-chromium@^1.5.263
903 silly packumentCache full:https://registry.npmjs.org/electron-to-chromium cache-miss
904 http fetch GET 200 https://registry.npmjs.org/electron-to-chromium 81ms (cache miss)
905 silly packumentCache full:https://registry.npmjs.org/electron-to-chromium set size:undefined disposed:false
906 silly fetch manifest node-releases@^2.0.27
907 silly packumentCache full:https://registry.npmjs.org/node-releases cache-miss
908 http fetch GET 200 https://registry.npmjs.org/node-releases 21ms (cache miss)
909 silly packumentCache full:https://registry.npmjs.org/node-releases set size:undefined disposed:false
910 silly fetch manifest update-browserslist-db@^1.2.0
911 silly packumentCache full:https://registry.npmjs.org/update-browserslist-db cache-miss
912 http fetch GET 200 https://registry.npmjs.org/update-browserslist-db 22ms (cache miss)
913 silly packumentCache full:https://registry.npmjs.org/update-browserslist-db set size:undefined disposed:false
914 silly fetch manifest yallist@^3.0.2
915 silly packumentCache full:https://registry.npmjs.org/yallist cache-miss
916 http fetch GET 200 https://registry.npmjs.org/yallist 26ms (cache miss)
917 silly packumentCache full:https://registry.npmjs.org/yallist set size:undefined disposed:false
918 silly placeDep ROOT @babel/helper-module-imports@7.28.6 OK for: @babel/helper-module-transforms@7.28.6 want: ^7.28.6
919 silly placeDep ROOT @babel/helper-plugin-utils@7.28.6 OK for: @babel/plugin-transform-react-jsx-self@7.27.1 want: ^7.27.1
920 silly placeDep ROOT @babel/helper-globals@7.28.0 OK for: @babel/traverse@7.29.0 want: ^7.28.0
921 silly placeDep ROOT @babel/helper-string-parser@7.27.1 OK for: @babel/types@7.29.0 want: ^7.27.1
922 silly placeDep ROOT @types/babel__generator@7.27.0 OK for: @types/babel__core@7.20.5 want: *
923 silly placeDep ROOT @types/babel__template@7.4.4 OK for: @types/babel__core@7.20.5 want: *
924 silly placeDep ROOT @types/babel__traverse@7.28.0 OK for: @types/babel__core@7.20.5 want: *
925 silly placeDep ROOT dequal@2.0.3 OK for: aria-query@5.3.0 want: ^2.0.3
926 silly fetch manifest browserslist@>= 4.21.0
927 silly packumentCache full:https://registry.npmjs.org/browserslist cache-miss
928 http fetch GET 200 https://registry.npmjs.org/browserslist 8ms (cache hit)
929 silly packumentCache full:https://registry.npmjs.org/browserslist set size:502989 disposed:false
930 silly placeDep ROOT baseline-browser-mapping@2.10.0 OK for: browserslist@4.28.1 want: ^2.9.0
931 silly placeDep ROOT caniuse-lite@1.0.30001774 OK for: browserslist@4.28.1 want: ^1.0.30001759
932 silly placeDep ROOT electron-to-chromium@1.5.302 OK for: browserslist@4.28.1 want: ^1.5.263
933 silly placeDep ROOT node-releases@2.0.27 OK for: browserslist@4.28.1 want: ^2.0.27
934 silly placeDep ROOT update-browserslist-db@1.2.3 OK for: browserslist@4.28.1 want: ^1.2.0
935 silly fetch manifest escalade@^3.2.0
936 silly packumentCache full:https://registry.npmjs.org/escalade cache-miss
937 http fetch GET 200 https://registry.npmjs.org/escalade 28ms (cache miss)
938 silly packumentCache full:https://registry.npmjs.org/escalade set size:undefined disposed:false
939 silly placeDep ROOT ms@2.1.3 OK for: debug@4.4.3 want: ^2.1.3
940 silly placeDep ROOT graceful-fs@4.2.11 OK for: enhanced-resolve@5.19.0 want: ^4.2.4
941 silly placeDep ROOT tapable@2.3.0 OK for: enhanced-resolve@5.19.0 want: ^2.3.0
942 silly fetch manifest bufferutil@^4.0.1
943 silly packumentCache full:https://registry.npmjs.org/bufferutil cache-miss
944 http fetch GET 200 https://registry.npmjs.org/bufferutil 22ms (cache miss)
945 silly packumentCache full:https://registry.npmjs.org/bufferutil set size:undefined disposed:false
946 silly fetch manifest utf-8-validate@>=5.0.2
947 silly packumentCache full:https://registry.npmjs.org/utf-8-validate cache-miss
948 http fetch GET 200 https://registry.npmjs.org/utf-8-validate 24ms (cache miss)
949 silly packumentCache full:https://registry.npmjs.org/utf-8-validate set size:undefined disposed:false
950 silly placeDep ROOT cssstyle@4.6.0 OK for: jsdom@26.1.0 want: ^4.2.1
951 silly placeDep ROOT data-urls@5.0.0 OK for: jsdom@26.1.0 want: ^5.0.0
952 silly placeDep ROOT decimal.js@10.6.0 OK for: jsdom@26.1.0 want: ^10.5.0
953 silly placeDep ROOT html-encoding-sniffer@4.0.0 OK for: jsdom@26.1.0 want: ^4.0.0
954 silly placeDep ROOT http-proxy-agent@7.0.2 OK for: jsdom@26.1.0 want: ^7.0.2
955 silly placeDep ROOT https-proxy-agent@7.0.6 OK for: jsdom@26.1.0 want: ^7.0.6
956 silly placeDep ROOT is-potential-custom-element-name@1.0.1 OK for: jsdom@26.1.0 want: ^1.0.1
957 silly placeDep ROOT nwsapi@2.2.23 OK for: jsdom@26.1.0 want: ^2.2.16
958 silly placeDep ROOT parse5@7.3.0 OK for: jsdom@26.1.0 want: ^7.2.1
959 silly placeDep ROOT rrweb-cssom@0.8.0 OK for: jsdom@26.1.0 want: ^0.8.0
960 silly placeDep ROOT saxes@6.0.0 OK for: jsdom@26.1.0 want: ^6.0.0
961 silly placeDep ROOT symbol-tree@3.2.4 OK for: jsdom@26.1.0 want: ^3.2.4
962 silly placeDep ROOT tough-cookie@5.1.2 OK for: jsdom@26.1.0 want: ^5.1.1
963 silly placeDep ROOT w3c-xmlserializer@5.0.0 OK for: jsdom@26.1.0 want: ^5.0.0
964 silly placeDep ROOT webidl-conversions@7.0.0 OK for: jsdom@26.1.0 want: ^7.0.0
965 silly placeDep ROOT whatwg-encoding@3.1.1 OK for: jsdom@26.1.0 want: ^3.1.1
966 silly placeDep ROOT whatwg-mimetype@4.0.0 OK for: jsdom@26.1.0 want: ^4.0.0
967 silly placeDep ROOT whatwg-url@14.2.0 OK for: jsdom@26.1.0 want: ^14.1.1
968 silly placeDep ROOT ws@8.19.0 OK for: jsdom@26.1.0 want: ^8.18.0
969 silly placeDep ROOT xml-name-validator@5.0.0 OK for: jsdom@26.1.0 want: ^5.0.0
970 silly fetch manifest @asamuzakjp/css-color@^3.2.0
971 silly packumentCache full:https://registry.npmjs.org/@asamuzakjp%2fcss-color cache-miss
972 http fetch GET 200 https://registry.npmjs.org/@asamuzakjp%2fcss-color 367ms (cache miss)
973 silly packumentCache full:https://registry.npmjs.org/@asamuzakjp%2fcss-color set size:undefined disposed:false
974 silly fetch manifest whatwg-url@^14.0.0
975 silly packumentCache full:https://registry.npmjs.org/whatwg-url cache-miss
976 http fetch GET 200 https://registry.npmjs.org/whatwg-url 3ms (cache hit)
977 silly packumentCache full:https://registry.npmjs.org/whatwg-url set size:170765 disposed:false
978 silly fetch manifest agent-base@^7.1.0
979 silly packumentCache full:https://registry.npmjs.org/agent-base cache-miss
980 http fetch GET 200 https://registry.npmjs.org/agent-base 28ms (cache miss)
981 silly packumentCache full:https://registry.npmjs.org/agent-base set size:undefined disposed:false
982 silly fetch manifest agent-base@^7.1.2
983 silly packumentCache full:https://registry.npmjs.org/agent-base cache-miss
984 http fetch GET 200 https://registry.npmjs.org/agent-base 11ms (cache hit)
985 silly packumentCache full:https://registry.npmjs.org/agent-base set size:67460 disposed:false
986 silly fetch manifest entities@^6.0.0
987 silly packumentCache full:https://registry.npmjs.org/entities cache-miss
988 http fetch GET 200 https://registry.npmjs.org/entities 30ms (cache miss)
989 silly packumentCache full:https://registry.npmjs.org/entities set size:undefined disposed:false
990 silly fetch manifest xmlchars@^2.2.0
991 silly packumentCache full:https://registry.npmjs.org/xmlchars cache-miss
992 http fetch GET 200 https://registry.npmjs.org/xmlchars 25ms (cache miss)
993 silly packumentCache full:https://registry.npmjs.org/xmlchars set size:undefined disposed:false
994 silly fetch manifest tldts@^6.1.32
995 silly packumentCache full:https://registry.npmjs.org/tldts cache-miss
996 http fetch GET 200 https://registry.npmjs.org/tldts 45ms (cache miss)
997 silly packumentCache full:https://registry.npmjs.org/tldts set size:undefined disposed:false
998 silly fetch manifest iconv-lite@0.6.3
999 silly packumentCache full:https://registry.npmjs.org/iconv-lite cache-miss
1000 http fetch GET 200 https://registry.npmjs.org/iconv-lite 23ms (cache miss)
1001 silly packumentCache full:https://registry.npmjs.org/iconv-lite set size:undefined disposed:false
1002 silly fetch manifest tr46@^5.1.0
1003 silly packumentCache full:https://registry.npmjs.org/tr46 cache-miss
1004 http fetch GET 200 https://registry.npmjs.org/tr46 21ms (cache miss)
1005 silly packumentCache full:https://registry.npmjs.org/tr46 set size:undefined disposed:false
1006 silly placeDep ROOT @asamuzakjp/css-color@3.2.0 OK for: cssstyle@4.6.0 want: ^3.2.0
1007 silly fetch manifest lru-cache@^10.4.3
1008 silly packumentCache full:https://registry.npmjs.org/lru-cache cache-miss
1009 http fetch GET 200 https://registry.npmjs.org/lru-cache 7ms (cache hit)
1010 silly packumentCache full:https://registry.npmjs.org/lru-cache set size:413591 disposed:false
1011 silly fetch manifest @csstools/css-calc@^2.1.3
1012 silly packumentCache full:https://registry.npmjs.org/@csstools%2fcss-calc cache-miss
1013 http fetch GET 200 https://registry.npmjs.org/@csstools%2fcss-calc 194ms (cache miss)
1014 silly packumentCache full:https://registry.npmjs.org/@csstools%2fcss-calc set size:undefined disposed:false
1015 silly fetch manifest @csstools/css-tokenizer@^3.0.3
1016 silly packumentCache full:https://registry.npmjs.org/@csstools%2fcss-tokenizer cache-miss
1017 http fetch GET 200 https://registry.npmjs.org/@csstools%2fcss-tokenizer 349ms (cache miss)
1018 silly packumentCache full:https://registry.npmjs.org/@csstools%2fcss-tokenizer set size:undefined disposed:false
1019 silly fetch manifest @csstools/css-color-parser@^3.0.9
1020 silly packumentCache full:https://registry.npmjs.org/@csstools%2fcss-color-parser cache-miss
1021 http fetch GET 200 https://registry.npmjs.org/@csstools%2fcss-color-parser 376ms (cache miss)
1022 silly packumentCache full:https://registry.npmjs.org/@csstools%2fcss-color-parser set size:undefined disposed:false
1023 silly fetch manifest @csstools/css-parser-algorithms@^3.0.4
1024 silly packumentCache full:https://registry.npmjs.org/@csstools%2fcss-parser-algorithms cache-miss
1025 http fetch GET 200 https://registry.npmjs.org/@csstools%2fcss-parser-algorithms 203ms (cache miss)
1026 silly packumentCache full:https://registry.npmjs.org/@csstools%2fcss-parser-algorithms set size:undefined disposed:false
1027 silly placeDep ROOT @csstools/css-calc@2.1.4 OK for: @asamuzakjp/css-color@3.2.0 want: ^2.1.3
1028 silly placeDep ROOT @csstools/css-tokenizer@3.0.4 OK for: @csstools/css-calc@2.1.4 want: ^3.0.4
1029 silly placeDep ROOT @csstools/css-parser-algorithms@3.0.5 OK for: @csstools/css-calc@2.1.4 want: ^3.0.5
1030 silly placeDep ROOT @csstools/css-color-parser@3.1.0 OK for: @asamuzakjp/css-color@3.2.0 want: ^3.0.9
1031 silly placeDep node_modules/@asamuzakjp/css-color lru-cache@10.4.3 OK for: @asamuzakjp/css-color@3.2.0 want: ^10.4.3
1032 silly fetch manifest @csstools/color-helpers@^5.1.0
1033 silly packumentCache full:https://registry.npmjs.org/@csstools%2fcolor-helpers cache-miss
1034 http fetch GET 200 https://registry.npmjs.org/@csstools%2fcolor-helpers 971ms (cache miss)
1035 silly packumentCache full:https://registry.npmjs.org/@csstools%2fcolor-helpers set size:undefined disposed:false
1036 silly placeDep ROOT @csstools/color-helpers@5.1.0 OK for: @csstools/css-color-parser@3.1.0 want: ^5.1.0
1037 silly placeDep ROOT agent-base@7.1.4 OK for: http-proxy-agent@7.0.2 want: ^7.1.0
1038 silly placeDep ROOT detect-libc@2.1.2 OK for: lightningcss@1.31.1 want: ^2.0.3
1039 silly placeDep ROOT lightningcss-android-arm64@1.31.1 OK for: lightningcss@1.31.1 want: 1.31.1
1040 silly placeDep ROOT lightningcss-darwin-arm64@1.31.1 OK for: lightningcss@1.31.1 want: 1.31.1
1041 silly placeDep ROOT lightningcss-darwin-x64@1.31.1 OK for: lightningcss@1.31.1 want: 1.31.1
1042 silly placeDep ROOT lightningcss-freebsd-x64@1.31.1 OK for: lightningcss@1.31.1 want: 1.31.1
1043 silly placeDep ROOT lightningcss-linux-arm-gnueabihf@1.31.1 OK for: lightningcss@1.31.1 want: 1.31.1
1044 silly placeDep ROOT lightningcss-linux-arm64-gnu@1.31.1 OK for: lightningcss@1.31.1 want: 1.31.1
1045 silly placeDep ROOT lightningcss-linux-arm64-musl@1.31.1 OK for: lightningcss@1.31.1 want: 1.31.1
1046 silly placeDep ROOT lightningcss-linux-x64-gnu@1.31.1 OK for: lightningcss@1.31.1 want: 1.31.1
1047 silly placeDep ROOT lightningcss-linux-x64-musl@1.31.1 OK for: lightningcss@1.31.1 want: 1.31.1
1048 silly placeDep ROOT lightningcss-win32-arm64-msvc@1.31.1 OK for: lightningcss@1.31.1 want: 1.31.1
1049 silly placeDep ROOT lightningcss-win32-x64-msvc@1.31.1 OK for: lightningcss@1.31.1 want: 1.31.1
1050 silly placeDep ROOT yallist@3.1.1 OK for: lru-cache@5.1.1 want: ^3.0.2
1051 silly fetch manifest react@^18.2.0 || 19.0.0-rc-de68d2f4-20241204 || ^19.0.0
1052 silly packumentCache full:https://registry.npmjs.org/react cache-miss
1053 http fetch GET 200 https://registry.npmjs.org/react 20ms (cache hit)
1054 silly packumentCache full:https://registry.npmjs.org/react set size:6508025 disposed:false
1055 silly placeDep ROOT @next/env@15.3.3 OK for: next@15.3.3 want: 15.3.3
1056 silly placeDep ROOT @next/swc-darwin-arm64@15.3.3 OK for: next@15.3.3 want: 15.3.3
1057 silly placeDep ROOT @next/swc-darwin-x64@15.3.3 OK for: next@15.3.3 want: 15.3.3
1058 silly placeDep ROOT @next/swc-linux-arm64-gnu@15.3.3 OK for: next@15.3.3 want: 15.3.3
1059 silly placeDep ROOT @next/swc-linux-arm64-musl@15.3.3 OK for: next@15.3.3 want: 15.3.3
1060 silly placeDep ROOT @next/swc-linux-x64-gnu@15.3.3 OK for: next@15.3.3 want: 15.3.3
1061 silly placeDep ROOT @next/swc-linux-x64-musl@15.3.3 OK for: next@15.3.3 want: 15.3.3
1062 silly placeDep ROOT @next/swc-win32-arm64-msvc@15.3.3 OK for: next@15.3.3 want: 15.3.3
1063 silly placeDep ROOT @next/swc-win32-x64-msvc@15.3.3 OK for: next@15.3.3 want: 15.3.3
1064 silly placeDep ROOT @swc/counter@0.1.3 OK for: next@15.3.3 want: 0.1.3
1065 silly placeDep ROOT @swc/helpers@0.5.15 OK for: next@15.3.3 want: 0.5.15
1066 silly placeDep ROOT busboy@1.6.0 OK for: next@15.3.3 want: 1.6.0
1067 silly placeDep node_modules/next postcss@8.4.31 OK for: next@15.3.3 want: 8.4.31
1068 silly placeDep ROOT sharp@0.34.5 OK for: next@15.3.3 want: ^0.34.1
1069 silly placeDep ROOT styled-jsx@5.1.6 OK for: next@15.3.3 want: 5.1.6
1070 silly fetch manifest tslib@^2.8.0
1071 silly packumentCache full:https://registry.npmjs.org/tslib cache-miss
1072 http fetch GET 200 https://registry.npmjs.org/tslib 40ms (cache miss)
1073 silly packumentCache full:https://registry.npmjs.org/tslib set size:undefined disposed:false
1074 silly fetch manifest streamsearch@^1.1.0
1075 silly packumentCache full:https://registry.npmjs.org/streamsearch cache-miss
1076 http fetch GET 200 https://registry.npmjs.org/streamsearch 28ms (cache miss)
1077 silly packumentCache full:https://registry.npmjs.org/streamsearch set size:undefined disposed:false
1078 silly fetch manifest nanoid@^3.3.6
1079 silly packumentCache full:https://registry.npmjs.org/nanoid cache-miss
1080 http fetch GET 200 https://registry.npmjs.org/nanoid 3ms (cache hit)
1081 silly packumentCache full:https://registry.npmjs.org/nanoid set size:298419 disposed:false
1082 silly fetch manifest semver@^7.7.3
1083 silly packumentCache full:https://registry.npmjs.org/semver cache-miss
1084 http fetch GET 200 https://registry.npmjs.org/semver 5ms (cache hit)
1085 silly packumentCache full:https://registry.npmjs.org/semver set size:229678 disposed:false
1086 silly fetch manifest @img/colour@^1.0.0
1087 silly packumentCache full:https://registry.npmjs.org/@img%2fcolour cache-miss
1088 http fetch GET 200 https://registry.npmjs.org/@img%2fcolour 32ms (cache miss)
1089 silly packumentCache full:https://registry.npmjs.org/@img%2fcolour set size:undefined disposed:false
1090 silly fetch manifest @img/sharp-wasm32@0.34.5
1091 silly packumentCache full:https://registry.npmjs.org/@img%2fsharp-wasm32 cache-miss
1092 http fetch GET 200 https://registry.npmjs.org/@img%2fsharp-wasm32 31ms (cache miss)
1093 silly packumentCache full:https://registry.npmjs.org/@img%2fsharp-wasm32 set size:undefined disposed:false
1094 silly fetch manifest @img/sharp-linux-arm@0.34.5
1095 silly packumentCache full:https://registry.npmjs.org/@img%2fsharp-linux-arm cache-miss
1096 http fetch GET 200 https://registry.npmjs.org/@img%2fsharp-linux-arm 31ms (cache miss)
1097 silly packumentCache full:https://registry.npmjs.org/@img%2fsharp-linux-arm set size:undefined disposed:false
1098 silly fetch manifest @img/sharp-linux-x64@0.34.5
1099 silly packumentCache full:https://registry.npmjs.org/@img%2fsharp-linux-x64 cache-miss
1100 http fetch GET 200 https://registry.npmjs.org/@img%2fsharp-linux-x64 36ms (cache miss)
1101 silly packumentCache full:https://registry.npmjs.org/@img%2fsharp-linux-x64 set size:undefined disposed:false
1102 silly fetch manifest @img/sharp-win32-x64@0.34.5
1103 silly packumentCache full:https://registry.npmjs.org/@img%2fsharp-win32-x64 cache-miss
1104 http fetch GET 200 https://registry.npmjs.org/@img%2fsharp-win32-x64 34ms (cache miss)
1105 silly packumentCache full:https://registry.npmjs.org/@img%2fsharp-win32-x64 set size:undefined disposed:false
1106 silly fetch manifest @img/sharp-darwin-x64@0.34.5
1107 silly packumentCache full:https://registry.npmjs.org/@img%2fsharp-darwin-x64 cache-miss
1108 http fetch GET 200 https://registry.npmjs.org/@img%2fsharp-darwin-x64 41ms (cache miss)
1109 silly packumentCache full:https://registry.npmjs.org/@img%2fsharp-darwin-x64 set size:undefined disposed:false
1110 silly fetch manifest @img/sharp-win32-ia32@0.34.5
1111 silly packumentCache full:https://registry.npmjs.org/@img%2fsharp-win32-ia32 cache-miss
1112 http fetch GET 200 https://registry.npmjs.org/@img%2fsharp-win32-ia32 33ms (cache miss)
1113 silly packumentCache full:https://registry.npmjs.org/@img%2fsharp-win32-ia32 set size:undefined disposed:false
1114 silly fetch manifest @img/sharp-linux-arm64@0.34.5
1115 silly packumentCache full:https://registry.npmjs.org/@img%2fsharp-linux-arm64 cache-miss
1116 http fetch GET 200 https://registry.npmjs.org/@img%2fsharp-linux-arm64 36ms (cache miss)
1117 silly packumentCache full:https://registry.npmjs.org/@img%2fsharp-linux-arm64 set size:undefined disposed:false
1118 silly fetch manifest @img/sharp-linux-ppc64@0.34.5
1119 silly packumentCache full:https://registry.npmjs.org/@img%2fsharp-linux-ppc64 cache-miss
1120 http fetch GET 200 https://registry.npmjs.org/@img%2fsharp-linux-ppc64 30ms (cache miss)
1121 silly packumentCache full:https://registry.npmjs.org/@img%2fsharp-linux-ppc64 set size:undefined disposed:false
1122 silly fetch manifest @img/sharp-linux-s390x@0.34.5
1123 silly packumentCache full:https://registry.npmjs.org/@img%2fsharp-linux-s390x cache-miss
1124 http fetch GET 200 https://registry.npmjs.org/@img%2fsharp-linux-s390x 32ms (cache miss)
1125 silly packumentCache full:https://registry.npmjs.org/@img%2fsharp-linux-s390x set size:undefined disposed:false
1126 silly fetch manifest @img/sharp-win32-arm64@0.34.5
1127 silly packumentCache full:https://registry.npmjs.org/@img%2fsharp-win32-arm64 cache-miss
1128 http fetch GET 200 https://registry.npmjs.org/@img%2fsharp-win32-arm64 34ms (cache miss)
1129 silly packumentCache full:https://registry.npmjs.org/@img%2fsharp-win32-arm64 set size:undefined disposed:false
1130 silly fetch manifest @img/sharp-darwin-arm64@0.34.5
1131 silly packumentCache full:https://registry.npmjs.org/@img%2fsharp-darwin-arm64 cache-miss
1132 http fetch GET 200 https://registry.npmjs.org/@img%2fsharp-darwin-arm64 29ms (cache miss)
1133 silly packumentCache full:https://registry.npmjs.org/@img%2fsharp-darwin-arm64 set size:undefined disposed:false
1134 silly fetch manifest @img/sharp-linux-riscv64@0.34.5
1135 silly packumentCache full:https://registry.npmjs.org/@img%2fsharp-linux-riscv64 cache-miss
1136 http fetch GET 200 https://registry.npmjs.org/@img%2fsharp-linux-riscv64 28ms (cache miss)
1137 silly packumentCache full:https://registry.npmjs.org/@img%2fsharp-linux-riscv64 set size:undefined disposed:false
1138 silly fetch manifest @img/sharp-linuxmusl-x64@0.34.5
1139 silly packumentCache full:https://registry.npmjs.org/@img%2fsharp-linuxmusl-x64 cache-miss
1140 http fetch GET 200 https://registry.npmjs.org/@img%2fsharp-linuxmusl-x64 31ms (cache miss)
1141 silly packumentCache full:https://registry.npmjs.org/@img%2fsharp-linuxmusl-x64 set size:undefined disposed:false
1142 silly fetch manifest @img/sharp-linuxmusl-arm64@0.34.5
1143 silly packumentCache full:https://registry.npmjs.org/@img%2fsharp-linuxmusl-arm64 cache-miss
1144 http fetch GET 200 https://registry.npmjs.org/@img%2fsharp-linuxmusl-arm64 41ms (cache miss)
1145 silly packumentCache full:https://registry.npmjs.org/@img%2fsharp-linuxmusl-arm64 set size:undefined disposed:false
1146 silly fetch manifest @img/sharp-libvips-linux-arm@1.2.4
1147 silly packumentCache full:https://registry.npmjs.org/@img%2fsharp-libvips-linux-arm cache-miss
1148 http fetch GET 200 https://registry.npmjs.org/@img%2fsharp-libvips-linux-arm 32ms (cache miss)
1149 silly packumentCache full:https://registry.npmjs.org/@img%2fsharp-libvips-linux-arm set size:undefined disposed:false
1150 silly fetch manifest @img/sharp-libvips-linux-x64@1.2.4
1151 silly packumentCache full:https://registry.npmjs.org/@img%2fsharp-libvips-linux-x64 cache-miss
1152 http fetch GET 200 https://registry.npmjs.org/@img%2fsharp-libvips-linux-x64 33ms (cache miss)
1153 silly packumentCache full:https://registry.npmjs.org/@img%2fsharp-libvips-linux-x64 set size:undefined disposed:false
1154 silly fetch manifest @img/sharp-libvips-darwin-x64@1.2.4
1155 silly packumentCache full:https://registry.npmjs.org/@img%2fsharp-libvips-darwin-x64 cache-miss
1156 http fetch GET 200 https://registry.npmjs.org/@img%2fsharp-libvips-darwin-x64 32ms (cache miss)
1157 silly packumentCache full:https://registry.npmjs.org/@img%2fsharp-libvips-darwin-x64 set size:undefined disposed:false
1158 silly fetch manifest @img/sharp-libvips-linux-arm64@1.2.4
1159 silly packumentCache full:https://registry.npmjs.org/@img%2fsharp-libvips-linux-arm64 cache-miss
1160 http fetch GET 200 https://registry.npmjs.org/@img%2fsharp-libvips-linux-arm64 39ms (cache miss)
1161 silly packumentCache full:https://registry.npmjs.org/@img%2fsharp-libvips-linux-arm64 set size:undefined disposed:false
1162 silly fetch manifest @img/sharp-libvips-linux-ppc64@1.2.4
1163 silly packumentCache full:https://registry.npmjs.org/@img%2fsharp-libvips-linux-ppc64 cache-miss
1164 http fetch GET 200 https://registry.npmjs.org/@img%2fsharp-libvips-linux-ppc64 28ms (cache miss)
1165 silly packumentCache full:https://registry.npmjs.org/@img%2fsharp-libvips-linux-ppc64 set size:undefined disposed:false
1166 silly fetch manifest @img/sharp-libvips-linux-s390x@1.2.4
1167 silly packumentCache full:https://registry.npmjs.org/@img%2fsharp-libvips-linux-s390x cache-miss
1168 http fetch GET 200 https://registry.npmjs.org/@img%2fsharp-libvips-linux-s390x 32ms (cache miss)
1169 silly packumentCache full:https://registry.npmjs.org/@img%2fsharp-libvips-linux-s390x set size:undefined disposed:false
1170 silly fetch manifest @img/sharp-libvips-darwin-arm64@1.2.4
1171 silly packumentCache full:https://registry.npmjs.org/@img%2fsharp-libvips-darwin-arm64 cache-miss
1172 http fetch GET 200 https://registry.npmjs.org/@img%2fsharp-libvips-darwin-arm64 35ms (cache miss)
1173 silly packumentCache full:https://registry.npmjs.org/@img%2fsharp-libvips-darwin-arm64 set size:undefined disposed:false
1174 silly fetch manifest @img/sharp-libvips-linux-riscv64@1.2.4
1175 silly packumentCache full:https://registry.npmjs.org/@img%2fsharp-libvips-linux-riscv64 cache-miss
1176 http fetch GET 200 https://registry.npmjs.org/@img%2fsharp-libvips-linux-riscv64 34ms (cache miss)
1177 silly packumentCache full:https://registry.npmjs.org/@img%2fsharp-libvips-linux-riscv64 set size:undefined disposed:false
1178 silly fetch manifest @img/sharp-libvips-linuxmusl-x64@1.2.4
1179 silly packumentCache full:https://registry.npmjs.org/@img%2fsharp-libvips-linuxmusl-x64 cache-miss
1180 http fetch GET 200 https://registry.npmjs.org/@img%2fsharp-libvips-linuxmusl-x64 30ms (cache miss)
1181 silly packumentCache full:https://registry.npmjs.org/@img%2fsharp-libvips-linuxmusl-x64 set size:undefined disposed:false
1182 silly fetch manifest @img/sharp-libvips-linuxmusl-arm64@1.2.4
1183 silly packumentCache full:https://registry.npmjs.org/@img%2fsharp-libvips-linuxmusl-arm64 cache-miss
1184 http fetch GET 200 https://registry.npmjs.org/@img%2fsharp-libvips-linuxmusl-arm64 31ms (cache miss)
1185 silly packumentCache full:https://registry.npmjs.org/@img%2fsharp-libvips-linuxmusl-arm64 set size:undefined disposed:false
1186 silly fetch manifest client-only@0.0.1
1187 silly packumentCache full:https://registry.npmjs.org/client-only cache-miss
1188 http fetch GET 200 https://registry.npmjs.org/client-only 458ms (cache miss)
1189 silly packumentCache full:https://registry.npmjs.org/client-only set size:undefined disposed:false
1190 silly placeDep ROOT tslib@2.8.1 OK for: @swc/helpers@0.5.15 want: ^2.8.0
1191 silly placeDep ROOT streamsearch@1.1.0 OK for: busboy@1.6.0 want: ^1.1.0
1192 silly placeDep ROOT entities@6.0.1 OK for: parse5@7.3.0 want: ^6.0.0
1193 silly placeDep ROOT nanoid@3.3.11 OK for: postcss@8.5.6 want: ^3.3.11
1194 silly placeDep ROOT ansi-regex@5.0.1 OK for: pretty-format@27.5.1 want: ^5.0.1
1195 silly placeDep ROOT ansi-styles@5.2.0 OK for: pretty-format@27.5.1 want: ^5.0.0
1196 silly placeDep ROOT react-is@17.0.2 OK for: pretty-format@27.5.1 want: ^17.0.1
1197 silly placeDep ROOT scheduler@0.27.0 OK for: react-dom@19.2.4 want: ^0.27.0
1198 silly placeDep ROOT xmlchars@2.2.0 OK for: saxes@6.0.0 want: ^2.2.0
1199 silly placeDep ROOT @img/colour@1.0.0 OK for: sharp@0.34.5 want: ^1.0.0
1200 silly placeDep ROOT @img/sharp-darwin-arm64@0.34.5 OK for: sharp@0.34.5 want: 0.34.5
1201 silly placeDep ROOT @img/sharp-darwin-x64@0.34.5 OK for: sharp@0.34.5 want: 0.34.5
1202 silly placeDep ROOT @img/sharp-libvips-darwin-arm64@1.2.4 OK for: sharp@0.34.5 want: 1.2.4
1203 silly placeDep ROOT @img/sharp-libvips-darwin-x64@1.2.4 OK for: sharp@0.34.5 want: 1.2.4
1204 silly placeDep ROOT @img/sharp-libvips-linux-arm@1.2.4 OK for: sharp@0.34.5 want: 1.2.4
1205 silly placeDep ROOT @img/sharp-libvips-linux-arm64@1.2.4 OK for: sharp@0.34.5 want: 1.2.4
1206 silly placeDep ROOT @img/sharp-libvips-linux-ppc64@1.2.4 OK for: sharp@0.34.5 want: 1.2.4
1207 silly placeDep ROOT @img/sharp-libvips-linux-riscv64@1.2.4 OK for: sharp@0.34.5 want: 1.2.4
1208 silly placeDep ROOT @img/sharp-libvips-linux-s390x@1.2.4 OK for: sharp@0.34.5 want: 1.2.4
1209 silly placeDep ROOT @img/sharp-libvips-linux-x64@1.2.4 OK for: sharp@0.34.5 want: 1.2.4
1210 silly placeDep ROOT @img/sharp-libvips-linuxmusl-arm64@1.2.4 OK for: sharp@0.34.5 want: 1.2.4
1211 silly placeDep ROOT @img/sharp-libvips-linuxmusl-x64@1.2.4 OK for: sharp@0.34.5 want: 1.2.4
1212 silly placeDep ROOT @img/sharp-linux-arm@0.34.5 OK for: sharp@0.34.5 want: 0.34.5
1213 silly placeDep ROOT @img/sharp-linux-arm64@0.34.5 OK for: sharp@0.34.5 want: 0.34.5
1214 silly placeDep ROOT @img/sharp-linux-ppc64@0.34.5 OK for: sharp@0.34.5 want: 0.34.5
1215 silly placeDep ROOT @img/sharp-linux-riscv64@0.34.5 OK for: sharp@0.34.5 want: 0.34.5
1216 silly placeDep ROOT @img/sharp-linux-s390x@0.34.5 OK for: sharp@0.34.5 want: 0.34.5
1217 silly placeDep ROOT @img/sharp-linux-x64@0.34.5 OK for: sharp@0.34.5 want: 0.34.5
1218 silly placeDep ROOT @img/sharp-linuxmusl-arm64@0.34.5 OK for: sharp@0.34.5 want: 0.34.5
1219 silly placeDep ROOT @img/sharp-linuxmusl-x64@0.34.5 OK for: sharp@0.34.5 want: 0.34.5
1220 silly placeDep ROOT @img/sharp-wasm32@0.34.5 OK for: sharp@0.34.5 want: 0.34.5
1221 silly placeDep ROOT @img/sharp-win32-arm64@0.34.5 OK for: sharp@0.34.5 want: 0.34.5
1222 silly placeDep ROOT @img/sharp-win32-ia32@0.34.5 OK for: sharp@0.34.5 want: 0.34.5
1223 silly placeDep ROOT @img/sharp-win32-x64@0.34.5 OK for: sharp@0.34.5 want: 0.34.5
1224 silly placeDep node_modules/sharp semver@7.7.4 OK for: sharp@0.34.5 want: ^7.7.3
1225 silly fetch manifest @emnapi/runtime@^1.7.0
1226 silly packumentCache full:https://registry.npmjs.org/@emnapi%2fruntime cache-miss
1227 http fetch GET 200 https://registry.npmjs.org/@emnapi%2fruntime 33ms (cache miss)
1228 silly packumentCache full:https://registry.npmjs.org/@emnapi%2fruntime set size:undefined disposed:false
1229 silly placeDep ROOT @emnapi/runtime@1.8.1 OK for: @img/sharp-wasm32@0.34.5 want: ^1.7.0
1230 silly placeDep ROOT client-only@0.0.1 OK for: styled-jsx@5.1.6 want: 0.0.1
1231 silly placeDep ROOT tldts@6.1.86 OK for: tough-cookie@5.1.2 want: ^6.1.32
1232 silly fetch manifest tldts-core@^6.1.86
1233 silly packumentCache full:https://registry.npmjs.org/tldts-core cache-miss
1234 http fetch GET 200 https://registry.npmjs.org/tldts-core 56ms (cache miss)
1235 silly packumentCache full:https://registry.npmjs.org/tldts-core set size:undefined disposed:false
1236 silly placeDep ROOT tldts-core@6.1.86 OK for: tldts@6.1.86 want: ^6.1.86
1237 silly placeDep ROOT escalade@3.2.0 OK for: update-browserslist-db@1.2.3 want: ^3.2.0
1238 silly placeDep ROOT esbuild@0.27.3 OK for: vite@7.3.1 want: ^0.27.0
1239 silly placeDep ROOT fdir@6.5.0 OK for: vite@7.3.1 want: ^6.5.0
1240 silly placeDep ROOT fsevents@2.3.3 OK for: vite@7.3.1 want: ~2.3.3
1241 silly placeDep ROOT picomatch@4.0.3 OK for: vite@7.3.1 want: ^4.0.3
1242 silly placeDep ROOT rollup@4.59.0 OK for: vite@7.3.1 want: ^4.43.0
1243 silly placeDep ROOT tinyglobby@0.2.15 OK for: vite@7.3.1 want: ^0.2.15
1244 silly fetch manifest @esbuild/aix-ppc64@0.27.3
1245 silly packumentCache full:https://registry.npmjs.org/@esbuild%2faix-ppc64 cache-miss
1246 http fetch GET 200 https://registry.npmjs.org/@esbuild%2faix-ppc64 34ms (cache miss)
1247 silly packumentCache full:https://registry.npmjs.org/@esbuild%2faix-ppc64 set size:undefined disposed:false
1248 silly fetch manifest @esbuild/android-arm@0.27.3
1249 silly packumentCache full:https://registry.npmjs.org/@esbuild%2fandroid-arm cache-miss
1250 http fetch GET 200 https://registry.npmjs.org/@esbuild%2fandroid-arm 51ms (cache miss)
1251 silly packumentCache full:https://registry.npmjs.org/@esbuild%2fandroid-arm set size:undefined disposed:false
1252 silly fetch manifest @esbuild/android-arm64@0.27.3
1253 silly packumentCache full:https://registry.npmjs.org/@esbuild%2fandroid-arm64 cache-miss
1254 http fetch GET 200 https://registry.npmjs.org/@esbuild%2fandroid-arm64 33ms (cache miss)
1255 silly packumentCache full:https://registry.npmjs.org/@esbuild%2fandroid-arm64 set size:undefined disposed:false
1256 silly fetch manifest @esbuild/android-x64@0.27.3
1257 silly packumentCache full:https://registry.npmjs.org/@esbuild%2fandroid-x64 cache-miss
1258 http fetch GET 200 https://registry.npmjs.org/@esbuild%2fandroid-x64 35ms (cache miss)
1259 silly packumentCache full:https://registry.npmjs.org/@esbuild%2fandroid-x64 set size:undefined disposed:false
1260 silly fetch manifest @esbuild/darwin-arm64@0.27.3
1261 silly packumentCache full:https://registry.npmjs.org/@esbuild%2fdarwin-arm64 cache-miss
1262 http fetch GET 200 https://registry.npmjs.org/@esbuild%2fdarwin-arm64 38ms (cache miss)
1263 silly packumentCache full:https://registry.npmjs.org/@esbuild%2fdarwin-arm64 set size:undefined disposed:false
1264 silly fetch manifest @esbuild/darwin-x64@0.27.3
1265 silly packumentCache full:https://registry.npmjs.org/@esbuild%2fdarwin-x64 cache-miss
1266 http fetch GET 200 https://registry.npmjs.org/@esbuild%2fdarwin-x64 32ms (cache miss)
1267 silly packumentCache full:https://registry.npmjs.org/@esbuild%2fdarwin-x64 set size:undefined disposed:false
1268 silly fetch manifest @esbuild/freebsd-arm64@0.27.3
1269 silly packumentCache full:https://registry.npmjs.org/@esbuild%2ffreebsd-arm64 cache-miss
1270 http fetch GET 200 https://registry.npmjs.org/@esbuild%2ffreebsd-arm64 32ms (cache miss)
1271 silly packumentCache full:https://registry.npmjs.org/@esbuild%2ffreebsd-arm64 set size:undefined disposed:false
1272 silly fetch manifest @esbuild/freebsd-x64@0.27.3
1273 silly packumentCache full:https://registry.npmjs.org/@esbuild%2ffreebsd-x64 cache-miss
1274 http fetch GET 200 https://registry.npmjs.org/@esbuild%2ffreebsd-x64 39ms (cache miss)
1275 silly packumentCache full:https://registry.npmjs.org/@esbuild%2ffreebsd-x64 set size:undefined disposed:false
1276 silly fetch manifest @esbuild/linux-arm@0.27.3
1277 silly packumentCache full:https://registry.npmjs.org/@esbuild%2flinux-arm cache-miss
1278 http fetch GET 200 https://registry.npmjs.org/@esbuild%2flinux-arm 29ms (cache miss)
1279 silly packumentCache full:https://registry.npmjs.org/@esbuild%2flinux-arm set size:undefined disposed:false
1280 silly fetch manifest @esbuild/linux-arm64@0.27.3
1281 silly packumentCache full:https://registry.npmjs.org/@esbuild%2flinux-arm64 cache-miss
1282 http fetch GET 200 https://registry.npmjs.org/@esbuild%2flinux-arm64 35ms (cache miss)
1283 silly packumentCache full:https://registry.npmjs.org/@esbuild%2flinux-arm64 set size:undefined disposed:false
1284 silly fetch manifest @esbuild/linux-ia32@0.27.3
1285 silly packumentCache full:https://registry.npmjs.org/@esbuild%2flinux-ia32 cache-miss
1286 http fetch GET 200 https://registry.npmjs.org/@esbuild%2flinux-ia32 40ms (cache miss)
1287 silly packumentCache full:https://registry.npmjs.org/@esbuild%2flinux-ia32 set size:undefined disposed:false
1288 silly fetch manifest @esbuild/linux-loong64@0.27.3
1289 silly packumentCache full:https://registry.npmjs.org/@esbuild%2flinux-loong64 cache-miss
1290 http fetch GET 200 https://registry.npmjs.org/@esbuild%2flinux-loong64 37ms (cache miss)
1291 silly packumentCache full:https://registry.npmjs.org/@esbuild%2flinux-loong64 set size:undefined disposed:false
1292 silly fetch manifest @esbuild/linux-mips64el@0.27.3
1293 silly packumentCache full:https://registry.npmjs.org/@esbuild%2flinux-mips64el cache-miss
1294 http fetch GET 200 https://registry.npmjs.org/@esbuild%2flinux-mips64el 33ms (cache miss)
1295 silly packumentCache full:https://registry.npmjs.org/@esbuild%2flinux-mips64el set size:undefined disposed:false
1296 silly fetch manifest @esbuild/linux-ppc64@0.27.3
1297 silly packumentCache full:https://registry.npmjs.org/@esbuild%2flinux-ppc64 cache-miss
1298 http fetch GET 200 https://registry.npmjs.org/@esbuild%2flinux-ppc64 34ms (cache miss)
1299 silly packumentCache full:https://registry.npmjs.org/@esbuild%2flinux-ppc64 set size:undefined disposed:false
1300 silly fetch manifest @esbuild/linux-riscv64@0.27.3
1301 silly packumentCache full:https://registry.npmjs.org/@esbuild%2flinux-riscv64 cache-miss
1302 http fetch GET 200 https://registry.npmjs.org/@esbuild%2flinux-riscv64 35ms (cache miss)
1303 silly packumentCache full:https://registry.npmjs.org/@esbuild%2flinux-riscv64 set size:undefined disposed:false
1304 silly fetch manifest @esbuild/linux-s390x@0.27.3
1305 silly packumentCache full:https://registry.npmjs.org/@esbuild%2flinux-s390x cache-miss
1306 http fetch GET 200 https://registry.npmjs.org/@esbuild%2flinux-s390x 38ms (cache miss)
1307 silly packumentCache full:https://registry.npmjs.org/@esbuild%2flinux-s390x set size:undefined disposed:false
1308 silly fetch manifest @esbuild/linux-x64@0.27.3
1309 silly packumentCache full:https://registry.npmjs.org/@esbuild%2flinux-x64 cache-miss
1310 http fetch GET 200 https://registry.npmjs.org/@esbuild%2flinux-x64 47ms (cache miss)
1311 silly packumentCache full:https://registry.npmjs.org/@esbuild%2flinux-x64 set size:undefined disposed:false
1312 silly fetch manifest @esbuild/netbsd-arm64@0.27.3
1313 silly packumentCache full:https://registry.npmjs.org/@esbuild%2fnetbsd-arm64 cache-miss
1314 http fetch GET 200 https://registry.npmjs.org/@esbuild%2fnetbsd-arm64 39ms (cache miss)
1315 silly packumentCache full:https://registry.npmjs.org/@esbuild%2fnetbsd-arm64 set size:undefined disposed:false
1316 silly fetch manifest @esbuild/netbsd-x64@0.27.3
1317 silly packumentCache full:https://registry.npmjs.org/@esbuild%2fnetbsd-x64 cache-miss
1318 http fetch GET 200 https://registry.npmjs.org/@esbuild%2fnetbsd-x64 38ms (cache miss)
1319 silly packumentCache full:https://registry.npmjs.org/@esbuild%2fnetbsd-x64 set size:undefined disposed:false
1320 silly fetch manifest @esbuild/openbsd-arm64@0.27.3
1321 silly packumentCache full:https://registry.npmjs.org/@esbuild%2fopenbsd-arm64 cache-miss
1322 http fetch GET 200 https://registry.npmjs.org/@esbuild%2fopenbsd-arm64 32ms (cache miss)
1323 silly packumentCache full:https://registry.npmjs.org/@esbuild%2fopenbsd-arm64 set size:undefined disposed:false
1324 silly fetch manifest @esbuild/openbsd-x64@0.27.3
1325 silly packumentCache full:https://registry.npmjs.org/@esbuild%2fopenbsd-x64 cache-miss
1326 http fetch GET 200 https://registry.npmjs.org/@esbuild%2fopenbsd-x64 45ms (cache miss)
1327 silly packumentCache full:https://registry.npmjs.org/@esbuild%2fopenbsd-x64 set size:undefined disposed:false
1328 silly fetch manifest @esbuild/openharmony-arm64@0.27.3
1329 silly packumentCache full:https://registry.npmjs.org/@esbuild%2fopenharmony-arm64 cache-miss
1330 http fetch GET 200 https://registry.npmjs.org/@esbuild%2fopenharmony-arm64 36ms (cache miss)
1331 silly packumentCache full:https://registry.npmjs.org/@esbuild%2fopenharmony-arm64 set size:undefined disposed:false
1332 silly fetch manifest @esbuild/sunos-x64@0.27.3
1333 silly packumentCache full:https://registry.npmjs.org/@esbuild%2fsunos-x64 cache-miss
1334 http fetch GET 200 https://registry.npmjs.org/@esbuild%2fsunos-x64 41ms (cache miss)
1335 silly packumentCache full:https://registry.npmjs.org/@esbuild%2fsunos-x64 set size:undefined disposed:false
1336 silly fetch manifest @esbuild/win32-arm64@0.27.3
1337 silly packumentCache full:https://registry.npmjs.org/@esbuild%2fwin32-arm64 cache-miss
1338 http fetch GET 200 https://registry.npmjs.org/@esbuild%2fwin32-arm64 39ms (cache miss)
1339 silly packumentCache full:https://registry.npmjs.org/@esbuild%2fwin32-arm64 set size:undefined disposed:false
1340 silly fetch manifest @esbuild/win32-ia32@0.27.3
1341 silly packumentCache full:https://registry.npmjs.org/@esbuild%2fwin32-ia32 cache-miss
1342 http fetch GET 200 https://registry.npmjs.org/@esbuild%2fwin32-ia32 34ms (cache miss)
1343 silly packumentCache full:https://registry.npmjs.org/@esbuild%2fwin32-ia32 set size:undefined disposed:false
1344 silly fetch manifest @esbuild/win32-x64@0.27.3
1345 silly packumentCache full:https://registry.npmjs.org/@esbuild%2fwin32-x64 cache-miss
1346 http fetch GET 200 https://registry.npmjs.org/@esbuild%2fwin32-x64 31ms (cache miss)
1347 silly packumentCache full:https://registry.npmjs.org/@esbuild%2fwin32-x64 set size:undefined disposed:false
1348 silly fetch manifest @types/estree@1.0.8
1349 silly packumentCache full:https://registry.npmjs.org/@types%2festree cache-miss
1350 http fetch GET 200 https://registry.npmjs.org/@types%2festree 38ms (cache miss)
1351 silly packumentCache full:https://registry.npmjs.org/@types%2festree set size:undefined disposed:false
1352 silly fetch manifest @rollup/rollup-darwin-arm64@4.59.0
1353 silly packumentCache full:https://registry.npmjs.org/@rollup%2frollup-darwin-arm64 cache-miss
1354 http fetch GET 200 https://registry.npmjs.org/@rollup%2frollup-darwin-arm64 39ms (cache miss)
1355 silly packumentCache full:https://registry.npmjs.org/@rollup%2frollup-darwin-arm64 set size:undefined disposed:false
1356 silly fetch manifest @rollup/rollup-android-arm64@4.59.0
1357 silly packumentCache full:https://registry.npmjs.org/@rollup%2frollup-android-arm64 cache-miss
1358 http fetch GET 200 https://registry.npmjs.org/@rollup%2frollup-android-arm64 45ms (cache miss)
1359 silly packumentCache full:https://registry.npmjs.org/@rollup%2frollup-android-arm64 set size:undefined disposed:false
1360 silly fetch manifest @rollup/rollup-win32-arm64-msvc@4.59.0
1361 silly packumentCache full:https://registry.npmjs.org/@rollup%2frollup-win32-arm64-msvc cache-miss
1362 http fetch GET 200 https://registry.npmjs.org/@rollup%2frollup-win32-arm64-msvc 38ms (cache miss)
1363 silly packumentCache full:https://registry.npmjs.org/@rollup%2frollup-win32-arm64-msvc set size:undefined disposed:false
1364 silly fetch manifest @rollup/rollup-freebsd-arm64@4.59.0
1365 silly packumentCache full:https://registry.npmjs.org/@rollup%2frollup-freebsd-arm64 cache-miss
1366 http fetch GET 200 https://registry.npmjs.org/@rollup%2frollup-freebsd-arm64 36ms (cache miss)
1367 silly packumentCache full:https://registry.npmjs.org/@rollup%2frollup-freebsd-arm64 set size:undefined disposed:false
1368 silly fetch manifest @rollup/rollup-linux-arm64-gnu@4.59.0
1369 silly packumentCache full:https://registry.npmjs.org/@rollup%2frollup-linux-arm64-gnu cache-miss
1370 http fetch GET 200 https://registry.npmjs.org/@rollup%2frollup-linux-arm64-gnu 35ms (cache miss)
1371 silly packumentCache full:https://registry.npmjs.org/@rollup%2frollup-linux-arm64-gnu set size:undefined disposed:false
1372 silly fetch manifest @rollup/rollup-linux-arm64-musl@4.59.0
1373 silly packumentCache full:https://registry.npmjs.org/@rollup%2frollup-linux-arm64-musl cache-miss
1374 http fetch GET 200 https://registry.npmjs.org/@rollup%2frollup-linux-arm64-musl 31ms (cache miss)
1375 silly packumentCache full:https://registry.npmjs.org/@rollup%2frollup-linux-arm64-musl set size:undefined disposed:false
1376 silly fetch manifest @rollup/rollup-android-arm-eabi@4.59.0
1377 silly packumentCache full:https://registry.npmjs.org/@rollup%2frollup-android-arm-eabi cache-miss
1378 http fetch GET 200 https://registry.npmjs.org/@rollup%2frollup-android-arm-eabi 34ms (cache miss)
1379 silly packumentCache full:https://registry.npmjs.org/@rollup%2frollup-android-arm-eabi set size:undefined disposed:false
1380 silly fetch manifest @rollup/rollup-linux-arm-gnueabihf@4.59.0
1381 silly packumentCache full:https://registry.npmjs.org/@rollup%2frollup-linux-arm-gnueabihf cache-miss
1382 http fetch GET 200 https://registry.npmjs.org/@rollup%2frollup-linux-arm-gnueabihf 34ms (cache miss)
1383 silly packumentCache full:https://registry.npmjs.org/@rollup%2frollup-linux-arm-gnueabihf set size:undefined disposed:false
1384 silly fetch manifest @rollup/rollup-linux-arm-musleabihf@4.59.0
1385 silly packumentCache full:https://registry.npmjs.org/@rollup%2frollup-linux-arm-musleabihf cache-miss
1386 http fetch GET 200 https://registry.npmjs.org/@rollup%2frollup-linux-arm-musleabihf 33ms (cache miss)
1387 silly packumentCache full:https://registry.npmjs.org/@rollup%2frollup-linux-arm-musleabihf set size:undefined disposed:false
1388 silly fetch manifest @rollup/rollup-win32-ia32-msvc@4.59.0
1389 silly packumentCache full:https://registry.npmjs.org/@rollup%2frollup-win32-ia32-msvc cache-miss
1390 http fetch GET 200 https://registry.npmjs.org/@rollup%2frollup-win32-ia32-msvc 39ms (cache miss)
1391 silly packumentCache full:https://registry.npmjs.org/@rollup%2frollup-win32-ia32-msvc set size:undefined disposed:false
1392 silly fetch manifest @rollup/rollup-linux-loong64-gnu@4.59.0
1393 silly packumentCache full:https://registry.npmjs.org/@rollup%2frollup-linux-loong64-gnu cache-miss
1394 http fetch GET 200 https://registry.npmjs.org/@rollup%2frollup-linux-loong64-gnu 194ms (cache miss)
1395 silly packumentCache full:https://registry.npmjs.org/@rollup%2frollup-linux-loong64-gnu set size:undefined disposed:false
1396 silly fetch manifest @rollup/rollup-linux-loong64-musl@4.59.0
1397 silly packumentCache full:https://registry.npmjs.org/@rollup%2frollup-linux-loong64-musl cache-miss
1398 http fetch GET 200 https://registry.npmjs.org/@rollup%2frollup-linux-loong64-musl 32ms (cache miss)
1399 silly packumentCache full:https://registry.npmjs.org/@rollup%2frollup-linux-loong64-musl set size:undefined disposed:false
1400 silly fetch manifest @rollup/rollup-linux-riscv64-gnu@4.59.0
1401 silly packumentCache full:https://registry.npmjs.org/@rollup%2frollup-linux-riscv64-gnu cache-miss
1402 http fetch GET 200 https://registry.npmjs.org/@rollup%2frollup-linux-riscv64-gnu 33ms (cache miss)
1403 silly packumentCache full:https://registry.npmjs.org/@rollup%2frollup-linux-riscv64-gnu set size:undefined disposed:false
1404 silly fetch manifest @rollup/rollup-linux-riscv64-musl@4.59.0
1405 silly packumentCache full:https://registry.npmjs.org/@rollup%2frollup-linux-riscv64-musl cache-miss
1406 http fetch GET 200 https://registry.npmjs.org/@rollup%2frollup-linux-riscv64-musl 34ms (cache miss)
1407 silly packumentCache full:https://registry.npmjs.org/@rollup%2frollup-linux-riscv64-musl set size:undefined disposed:false
1408 silly fetch manifest @rollup/rollup-linux-ppc64-gnu@4.59.0
1409 silly packumentCache full:https://registry.npmjs.org/@rollup%2frollup-linux-ppc64-gnu cache-miss
1410 http fetch GET 200 https://registry.npmjs.org/@rollup%2frollup-linux-ppc64-gnu 30ms (cache miss)
1411 silly packumentCache full:https://registry.npmjs.org/@rollup%2frollup-linux-ppc64-gnu set size:undefined disposed:false
1412 silly fetch manifest @rollup/rollup-linux-ppc64-musl@4.59.0
1413 silly packumentCache full:https://registry.npmjs.org/@rollup%2frollup-linux-ppc64-musl cache-miss
1414 http fetch GET 200 https://registry.npmjs.org/@rollup%2frollup-linux-ppc64-musl 47ms (cache miss)
1415 silly packumentCache full:https://registry.npmjs.org/@rollup%2frollup-linux-ppc64-musl set size:undefined disposed:false
1416 silly fetch manifest @rollup/rollup-linux-s390x-gnu@4.59.0
1417 silly packumentCache full:https://registry.npmjs.org/@rollup%2frollup-linux-s390x-gnu cache-miss
1418 http fetch GET 200 https://registry.npmjs.org/@rollup%2frollup-linux-s390x-gnu 30ms (cache miss)
1419 silly packumentCache full:https://registry.npmjs.org/@rollup%2frollup-linux-s390x-gnu set size:undefined disposed:false
1420 silly fetch manifest @rollup/rollup-darwin-x64@4.59.0
1421 silly packumentCache full:https://registry.npmjs.org/@rollup%2frollup-darwin-x64 cache-miss
1422 http fetch GET 200 https://registry.npmjs.org/@rollup%2frollup-darwin-x64 30ms (cache miss)
1423 silly packumentCache full:https://registry.npmjs.org/@rollup%2frollup-darwin-x64 set size:undefined disposed:false
1424 silly fetch manifest @rollup/rollup-win32-x64-gnu@4.59.0
1425 silly packumentCache full:https://registry.npmjs.org/@rollup%2frollup-win32-x64-gnu cache-miss
1426 http fetch GET 200 https://registry.npmjs.org/@rollup%2frollup-win32-x64-gnu 37ms (cache miss)
1427 silly packumentCache full:https://registry.npmjs.org/@rollup%2frollup-win32-x64-gnu set size:undefined disposed:false
1428 silly fetch manifest @rollup/rollup-win32-x64-msvc@4.59.0
1429 silly packumentCache full:https://registry.npmjs.org/@rollup%2frollup-win32-x64-msvc cache-miss
1430 http fetch GET 200 https://registry.npmjs.org/@rollup%2frollup-win32-x64-msvc 36ms (cache miss)
1431 silly packumentCache full:https://registry.npmjs.org/@rollup%2frollup-win32-x64-msvc set size:undefined disposed:false
1432 silly fetch manifest @rollup/rollup-freebsd-x64@4.59.0
1433 silly packumentCache full:https://registry.npmjs.org/@rollup%2frollup-freebsd-x64 cache-miss
1434 http fetch GET 200 https://registry.npmjs.org/@rollup%2frollup-freebsd-x64 32ms (cache miss)
1435 silly packumentCache full:https://registry.npmjs.org/@rollup%2frollup-freebsd-x64 set size:undefined disposed:false
1436 silly fetch manifest @rollup/rollup-linux-x64-gnu@4.59.0
1437 silly packumentCache full:https://registry.npmjs.org/@rollup%2frollup-linux-x64-gnu cache-miss
1438 http fetch GET 200 https://registry.npmjs.org/@rollup%2frollup-linux-x64-gnu 35ms (cache miss)
1439 silly packumentCache full:https://registry.npmjs.org/@rollup%2frollup-linux-x64-gnu set size:undefined disposed:false
1440 silly fetch manifest @rollup/rollup-linux-x64-musl@4.59.0
1441 silly packumentCache full:https://registry.npmjs.org/@rollup%2frollup-linux-x64-musl cache-miss
1442 http fetch GET 200 https://registry.npmjs.org/@rollup%2frollup-linux-x64-musl 35ms (cache miss)
1443 silly packumentCache full:https://registry.npmjs.org/@rollup%2frollup-linux-x64-musl set size:undefined disposed:false
1444 silly fetch manifest @rollup/rollup-openbsd-x64@4.59.0
1445 silly packumentCache full:https://registry.npmjs.org/@rollup%2frollup-openbsd-x64 cache-miss
1446 http fetch GET 200 https://registry.npmjs.org/@rollup%2frollup-openbsd-x64 31ms (cache miss)
1447 silly packumentCache full:https://registry.npmjs.org/@rollup%2frollup-openbsd-x64 set size:undefined disposed:false
1448 silly fetch manifest @rollup/rollup-openharmony-arm64@4.59.0
1449 silly packumentCache full:https://registry.npmjs.org/@rollup%2frollup-openharmony-arm64 cache-miss
1450 http fetch GET 200 https://registry.npmjs.org/@rollup%2frollup-openharmony-arm64 32ms (cache miss)
1451 silly packumentCache full:https://registry.npmjs.org/@rollup%2frollup-openharmony-arm64 set size:undefined disposed:false
1452 silly placeDep ROOT @esbuild/aix-ppc64@0.27.3 OK for: esbuild@0.27.3 want: 0.27.3
1453 silly placeDep ROOT @esbuild/android-arm@0.27.3 OK for: esbuild@0.27.3 want: 0.27.3
1454 silly placeDep ROOT @esbuild/android-arm64@0.27.3 OK for: esbuild@0.27.3 want: 0.27.3
1455 silly placeDep ROOT @esbuild/android-x64@0.27.3 OK for: esbuild@0.27.3 want: 0.27.3
1456 silly placeDep ROOT @esbuild/darwin-arm64@0.27.3 OK for: esbuild@0.27.3 want: 0.27.3
1457 silly placeDep ROOT @esbuild/darwin-x64@0.27.3 OK for: esbuild@0.27.3 want: 0.27.3
1458 silly placeDep ROOT @esbuild/freebsd-arm64@0.27.3 OK for: esbuild@0.27.3 want: 0.27.3
1459 silly placeDep ROOT @esbuild/freebsd-x64@0.27.3 OK for: esbuild@0.27.3 want: 0.27.3
1460 silly placeDep ROOT @esbuild/linux-arm@0.27.3 OK for: esbuild@0.27.3 want: 0.27.3
1461 silly placeDep ROOT @esbuild/linux-arm64@0.27.3 OK for: esbuild@0.27.3 want: 0.27.3
1462 silly placeDep ROOT @esbuild/linux-ia32@0.27.3 OK for: esbuild@0.27.3 want: 0.27.3
1463 silly placeDep ROOT @esbuild/linux-loong64@0.27.3 OK for: esbuild@0.27.3 want: 0.27.3
1464 silly placeDep ROOT @esbuild/linux-mips64el@0.27.3 OK for: esbuild@0.27.3 want: 0.27.3
1465 silly placeDep ROOT @esbuild/linux-ppc64@0.27.3 OK for: esbuild@0.27.3 want: 0.27.3
1466 silly placeDep ROOT @esbuild/linux-riscv64@0.27.3 OK for: esbuild@0.27.3 want: 0.27.3
1467 silly placeDep ROOT @esbuild/linux-s390x@0.27.3 OK for: esbuild@0.27.3 want: 0.27.3
1468 silly placeDep ROOT @esbuild/linux-x64@0.27.3 OK for: esbuild@0.27.3 want: 0.27.3
1469 silly placeDep ROOT @esbuild/netbsd-arm64@0.27.3 OK for: esbuild@0.27.3 want: 0.27.3
1470 silly placeDep ROOT @esbuild/netbsd-x64@0.27.3 OK for: esbuild@0.27.3 want: 0.27.3
1471 silly placeDep ROOT @esbuild/openbsd-arm64@0.27.3 OK for: esbuild@0.27.3 want: 0.27.3
1472 silly placeDep ROOT @esbuild/openbsd-x64@0.27.3 OK for: esbuild@0.27.3 want: 0.27.3
1473 silly placeDep ROOT @esbuild/openharmony-arm64@0.27.3 OK for: esbuild@0.27.3 want: 0.27.3
1474 silly placeDep ROOT @esbuild/sunos-x64@0.27.3 OK for: esbuild@0.27.3 want: 0.27.3
1475 silly placeDep ROOT @esbuild/win32-arm64@0.27.3 OK for: esbuild@0.27.3 want: 0.27.3
1476 silly placeDep ROOT @esbuild/win32-ia32@0.27.3 OK for: esbuild@0.27.3 want: 0.27.3
1477 silly placeDep ROOT @esbuild/win32-x64@0.27.3 OK for: esbuild@0.27.3 want: 0.27.3
1478 silly placeDep ROOT @rollup/rollup-android-arm-eabi@4.59.0 OK for: rollup@4.59.0 want: 4.59.0
1479 silly placeDep ROOT @rollup/rollup-android-arm64@4.59.0 OK for: rollup@4.59.0 want: 4.59.0
1480 silly placeDep ROOT @rollup/rollup-darwin-arm64@4.59.0 OK for: rollup@4.59.0 want: 4.59.0
1481 silly placeDep ROOT @rollup/rollup-darwin-x64@4.59.0 OK for: rollup@4.59.0 want: 4.59.0
1482 silly placeDep ROOT @rollup/rollup-freebsd-arm64@4.59.0 OK for: rollup@4.59.0 want: 4.59.0
1483 silly placeDep ROOT @rollup/rollup-freebsd-x64@4.59.0 OK for: rollup@4.59.0 want: 4.59.0
1484 silly placeDep ROOT @rollup/rollup-linux-arm-gnueabihf@4.59.0 OK for: rollup@4.59.0 want: 4.59.0
1485 silly placeDep ROOT @rollup/rollup-linux-arm-musleabihf@4.59.0 OK for: rollup@4.59.0 want: 4.59.0
1486 silly placeDep ROOT @rollup/rollup-linux-arm64-gnu@4.59.0 OK for: rollup@4.59.0 want: 4.59.0
1487 silly placeDep ROOT @rollup/rollup-linux-arm64-musl@4.59.0 OK for: rollup@4.59.0 want: 4.59.0
1488 silly placeDep ROOT @rollup/rollup-linux-loong64-gnu@4.59.0 OK for: rollup@4.59.0 want: 4.59.0
1489 silly placeDep ROOT @rollup/rollup-linux-loong64-musl@4.59.0 OK for: rollup@4.59.0 want: 4.59.0
1490 silly placeDep ROOT @rollup/rollup-linux-ppc64-gnu@4.59.0 OK for: rollup@4.59.0 want: 4.59.0
1491 silly placeDep ROOT @rollup/rollup-linux-ppc64-musl@4.59.0 OK for: rollup@4.59.0 want: 4.59.0
1492 silly placeDep ROOT @rollup/rollup-linux-riscv64-gnu@4.59.0 OK for: rollup@4.59.0 want: 4.59.0
1493 silly placeDep ROOT @rollup/rollup-linux-riscv64-musl@4.59.0 OK for: rollup@4.59.0 want: 4.59.0
1494 silly placeDep ROOT @rollup/rollup-linux-s390x-gnu@4.59.0 OK for: rollup@4.59.0 want: 4.59.0
1495 silly placeDep ROOT @rollup/rollup-linux-x64-gnu@4.59.0 OK for: rollup@4.59.0 want: 4.59.0
1496 silly placeDep ROOT @rollup/rollup-linux-x64-musl@4.59.0 OK for: rollup@4.59.0 want: 4.59.0
1497 silly placeDep ROOT @rollup/rollup-openbsd-x64@4.59.0 OK for: rollup@4.59.0 want: 4.59.0
1498 silly placeDep ROOT @rollup/rollup-openharmony-arm64@4.59.0 OK for: rollup@4.59.0 want: 4.59.0
1499 silly placeDep ROOT @rollup/rollup-win32-arm64-msvc@4.59.0 OK for: rollup@4.59.0 want: 4.59.0
1500 silly placeDep ROOT @rollup/rollup-win32-ia32-msvc@4.59.0 OK for: rollup@4.59.0 want: 4.59.0
1501 silly placeDep ROOT @rollup/rollup-win32-x64-gnu@4.59.0 OK for: rollup@4.59.0 want: 4.59.0
1502 silly placeDep ROOT @rollup/rollup-win32-x64-msvc@4.59.0 OK for: rollup@4.59.0 want: 4.59.0
1503 silly placeDep ROOT @types/estree@1.0.8 OK for: rollup@4.59.0 want: 1.0.8
1504 silly fetch manifest msw@^2.4.9
1505 silly packumentCache full:https://registry.npmjs.org/msw cache-miss
1506 http fetch GET 200 https://registry.npmjs.org/msw 34ms (cache miss)
1507 silly packumentCache full:https://registry.npmjs.org/msw set size:undefined disposed:false
1508 silly fetch manifest typescript@>= 4.8.x
1509 silly packumentCache full:https://registry.npmjs.org/typescript cache-miss
1510 http fetch GET 200 https://registry.npmjs.org/typescript 44ms (cache hit)
1511 silly packumentCache full:https://registry.npmjs.org/typescript set size:15280158 disposed:false
1512 silly fetch manifest vite@^5.0.0 || ^6.0.0 || ^7.0.0-0
1513 silly packumentCache full:https://registry.npmjs.org/vite cache-miss
1514 http fetch GET 200 https://registry.npmjs.org/vite 136ms (cache hit)
1515 silly packumentCache full:https://registry.npmjs.org/vite set size:38728544 disposed:false
1516 silly fetch manifest @types/node@^18.0.0 || ^20.0.0 || >=22.0.0
1517 silly packumentCache full:https://registry.npmjs.org/@types%2fnode cache-miss
1518 http fetch GET 200 https://registry.npmjs.org/@types%2fnode 23ms (cache hit)
1519 silly packumentCache full:https://registry.npmjs.org/@types%2fnode set size:10864169 disposed:false
1520 silly placeDep ROOT @types/chai@5.2.3 OK for: vitest@3.2.4 want: ^5.2.2
1521 silly placeDep ROOT @vitest/expect@3.2.4 OK for: vitest@3.2.4 want: 3.2.4
1522 silly placeDep ROOT @vitest/mocker@3.2.4 OK for: vitest@3.2.4 want: 3.2.4
1523 silly placeDep ROOT @vitest/pretty-format@3.2.4 OK for: vitest@3.2.4 want: ^3.2.4
1524 silly placeDep ROOT @vitest/runner@3.2.4 OK for: vitest@3.2.4 want: 3.2.4
1525 silly placeDep ROOT @vitest/snapshot@3.2.4 OK for: vitest@3.2.4 want: 3.2.4
1526 silly placeDep ROOT @vitest/spy@3.2.4 OK for: vitest@3.2.4 want: 3.2.4
1527 silly placeDep ROOT @vitest/utils@3.2.4 OK for: vitest@3.2.4 want: 3.2.4
1528 silly placeDep ROOT chai@5.3.3 OK for: vitest@3.2.4 want: ^5.2.0
1529 silly placeDep ROOT expect-type@1.3.0 OK for: vitest@3.2.4 want: ^1.2.1
1530 silly placeDep ROOT pathe@2.0.3 OK for: vitest@3.2.4 want: ^2.0.3
1531 silly placeDep ROOT std-env@3.10.0 OK for: vitest@3.2.4 want: ^3.9.0
1532 silly placeDep ROOT tinybench@2.9.0 OK for: vitest@3.2.4 want: ^2.9.0
1533 silly placeDep ROOT tinyexec@0.3.2 OK for: vitest@3.2.4 want: ^0.3.2
1534 silly placeDep ROOT tinypool@1.1.1 OK for: vitest@3.2.4 want: ^1.1.1
1535 silly placeDep ROOT tinyrainbow@2.0.0 OK for: vitest@3.2.4 want: ^2.0.0
1536 silly placeDep ROOT vite-node@3.2.4 OK for: vitest@3.2.4 want: 3.2.4
1537 silly placeDep ROOT why-is-node-running@2.3.0 OK for: vitest@3.2.4 want: ^2.3.0
1538 silly fetch manifest @types/deep-eql@*
1539 silly packumentCache full:https://registry.npmjs.org/@types%2fdeep-eql cache-miss
1540 http fetch GET 200 https://registry.npmjs.org/@types%2fdeep-eql 28ms (cache miss)
1541 silly packumentCache full:https://registry.npmjs.org/@types%2fdeep-eql set size:undefined disposed:false
1542 silly fetch manifest assertion-error@^2.0.1
1543 silly packumentCache full:https://registry.npmjs.org/assertion-error cache-miss
1544 http fetch GET 200 https://registry.npmjs.org/assertion-error 17ms (cache miss)
1545 silly packumentCache full:https://registry.npmjs.org/assertion-error set size:undefined disposed:false
1546 silly fetch manifest estree-walker@^3.0.3
1547 silly packumentCache full:https://registry.npmjs.org/estree-walker cache-miss
1548 http fetch GET 200 https://registry.npmjs.org/estree-walker 18ms (cache miss)
1549 silly packumentCache full:https://registry.npmjs.org/estree-walker set size:undefined disposed:false
1550 silly fetch manifest strip-literal@^3.0.0
1551 silly packumentCache full:https://registry.npmjs.org/strip-literal cache-miss
1552 http fetch GET 200 https://registry.npmjs.org/strip-literal 27ms (cache miss)
1553 silly packumentCache full:https://registry.npmjs.org/strip-literal set size:undefined disposed:false
1554 silly fetch manifest tinyspy@^4.0.3
1555 silly packumentCache full:https://registry.npmjs.org/tinyspy cache-miss
1556 http fetch GET 200 https://registry.npmjs.org/tinyspy 183ms (cache miss)
1557 silly packumentCache full:https://registry.npmjs.org/tinyspy set size:undefined disposed:false
1558 silly fetch manifest loupe@^3.1.4
1559 silly packumentCache full:https://registry.npmjs.org/loupe cache-miss
1560 http fetch GET 200 https://registry.npmjs.org/loupe 184ms (cache miss)
1561 silly packumentCache full:https://registry.npmjs.org/loupe set size:undefined disposed:false
1562 silly fetch manifest loupe@^3.1.0
1563 silly packumentCache full:https://registry.npmjs.org/loupe cache-miss
1564 http fetch GET 200 https://registry.npmjs.org/loupe 3ms (cache hit)
1565 silly packumentCache full:https://registry.npmjs.org/loupe set size:150836 disposed:false
1566 silly fetch manifest pathval@^2.0.0
1567 silly packumentCache full:https://registry.npmjs.org/pathval cache-miss
1568 http fetch GET 200 https://registry.npmjs.org/pathval 21ms (cache miss)
1569 silly packumentCache full:https://registry.npmjs.org/pathval set size:undefined disposed:false
1570 silly fetch manifest deep-eql@^5.0.1
1571 silly packumentCache full:https://registry.npmjs.org/deep-eql cache-miss
1572 http fetch GET 200 https://registry.npmjs.org/deep-eql 20ms (cache miss)
1573 silly packumentCache full:https://registry.npmjs.org/deep-eql set size:undefined disposed:false
1574 silly fetch manifest check-error@^2.1.1
1575 silly packumentCache full:https://registry.npmjs.org/check-error cache-miss
1576 http fetch GET 200 https://registry.npmjs.org/check-error 27ms (cache miss)
1577 silly packumentCache full:https://registry.npmjs.org/check-error set size:undefined disposed:false
1578 silly fetch manifest cac@^6.7.14
1579 silly packumentCache full:https://registry.npmjs.org/cac cache-miss
1580 http fetch GET 200 https://registry.npmjs.org/cac 26ms (cache miss)
1581 silly packumentCache full:https://registry.npmjs.org/cac set size:undefined disposed:false
1582 silly fetch manifest es-module-lexer@^1.7.0
1583 silly packumentCache full:https://registry.npmjs.org/es-module-lexer cache-miss
1584 http fetch GET 200 https://registry.npmjs.org/es-module-lexer 26ms (cache miss)
1585 silly packumentCache full:https://registry.npmjs.org/es-module-lexer set size:undefined disposed:false
1586 silly fetch manifest siginfo@^2.0.0
1587 silly packumentCache full:https://registry.npmjs.org/siginfo cache-miss
1588 http fetch GET 200 https://registry.npmjs.org/siginfo 21ms (cache miss)
1589 silly packumentCache full:https://registry.npmjs.org/siginfo set size:undefined disposed:false
1590 silly fetch manifest stackback@0.0.2
1591 silly packumentCache full:https://registry.npmjs.org/stackback cache-miss
1592 http fetch GET 200 https://registry.npmjs.org/stackback 20ms (cache miss)
1593 silly packumentCache full:https://registry.npmjs.org/stackback set size:undefined disposed:false
1594 silly placeDep ROOT @types/deep-eql@4.0.2 OK for: @types/chai@5.2.3 want: *
1595 silly placeDep ROOT assertion-error@2.0.1 OK for: @types/chai@5.2.3 want: ^2.0.1
1596 silly placeDep ROOT estree-walker@3.0.3 OK for: @vitest/mocker@3.2.4 want: ^3.0.3
1597 silly placeDep ROOT strip-literal@3.1.0 OK for: @vitest/runner@3.2.4 want: ^3.0.0
1598 silly fetch manifest js-tokens@^9.0.1
1599 silly packumentCache full:https://registry.npmjs.org/js-tokens cache-miss
1600 http fetch GET 200 https://registry.npmjs.org/js-tokens 4ms (cache hit)
1601 silly packumentCache full:https://registry.npmjs.org/js-tokens set size:41947 disposed:false
1602 silly placeDep ROOT tinyspy@4.0.4 OK for: @vitest/spy@3.2.4 want: ^4.0.3
1603 silly placeDep ROOT loupe@3.2.1 OK for: @vitest/utils@3.2.4 want: ^3.1.4
1604 silly placeDep ROOT check-error@2.1.3 OK for: chai@5.3.3 want: ^2.1.1
1605 silly placeDep ROOT deep-eql@5.0.2 OK for: chai@5.3.3 want: ^5.0.1
1606 silly placeDep ROOT pathval@2.0.1 OK for: chai@5.3.3 want: ^2.0.0
1607 silly placeDep node_modules/strip-literal js-tokens@9.0.1 OK for: strip-literal@3.1.0 want: ^9.0.1
1608 silly placeDep ROOT cac@6.7.14 OK for: vite-node@3.2.4 want: ^6.7.14
1609 silly placeDep ROOT es-module-lexer@1.7.0 OK for: vite-node@3.2.4 want: ^1.7.0
1610 silly placeDep ROOT iconv-lite@0.6.3 OK for: whatwg-encoding@3.1.1 want: 0.6.3
1611 silly fetch manifest safer-buffer@>= 2.1.2 < 3.0.0
1612 silly packumentCache full:https://registry.npmjs.org/safer-buffer cache-miss
1613 http fetch GET 200 https://registry.npmjs.org/safer-buffer 33ms (cache miss)
1614 silly packumentCache full:https://registry.npmjs.org/safer-buffer set size:undefined disposed:false
1615 silly placeDep ROOT safer-buffer@2.1.2 OK for: iconv-lite@0.6.3 want: >= 2.1.2 < 3.0.0
1616 silly placeDep ROOT tr46@5.1.1 OK for: whatwg-url@14.2.0 want: ^5.1.0
1617 silly fetch manifest punycode@^2.3.1
1618 silly packumentCache full:https://registry.npmjs.org/punycode cache-miss
1619 http fetch GET 200 https://registry.npmjs.org/punycode 22ms (cache miss)
1620 silly packumentCache full:https://registry.npmjs.org/punycode set size:undefined disposed:false
1621 silly placeDep ROOT punycode@2.3.1 OK for: tr46@5.1.1 want: ^2.3.1
1622 silly placeDep ROOT siginfo@2.0.0 OK for: why-is-node-running@2.3.0 want: ^2.0.0
1623 silly placeDep ROOT stackback@0.0.2 OK for: why-is-node-running@2.3.0 want: 0.0.2
1624 silly reify moves {}
1625 verbose reify failed optional dependency /home/jez/agent-jenson/workspace/node_modules/@tailwindcss/oxide-wasm32-wasi
1626 silly reify mark deleted [
1626 silly reify   '/home/jez/agent-jenson/workspace/node_modules/@tailwindcss/oxide-wasm32-wasi'
1626 silly reify ]
1627 silly audit bulk request {
1627 silly audit   '@tailwindcss/postcss': [ '4.2.0' ],
1627 silly audit   '@testing-library/react': [ '16.3.2' ],
1627 silly audit   '@testing-library/dom': [ '10.4.1' ],
1627 silly audit   react: [ '19.2.4' ],
1627 silly audit   'react-dom': [ '19.2.4' ],
1627 silly audit   '@types/node': [ '22.19.11' ],
1627 silly audit   '@types/react': [ '19.2.14' ],
1627 silly audit   '@types/react-dom': [ '19.2.3' ],
1627 silly audit   '@vitejs/plugin-react': [ '4.7.0' ],
1627 silly audit   vite: [ '7.3.1' ],
1627 silly audit   jsdom: [ '26.1.0' ],
1627 silly audit   next: [ '15.3.3' ],
1627 silly audit   tailwindcss: [ '4.2.0' ],
1627 silly audit   typescript: [ '5.9.3' ],
1627 silly audit   vitest: [ '3.2.4' ],
1627 silly audit   '@alloc/quick-lru': [ '5.2.0' ],
1627 silly audit   '@tailwindcss/node': [ '4.2.0' ],
1627 silly audit   '@tailwindcss/oxide': [ '4.2.0' ],
1627 silly audit   postcss: [ '8.5.6', '8.4.31' ],
1627 silly audit   '@jridgewell/remapping': [ '2.3.5' ],
1627 silly audit   'enhanced-resolve': [ '5.19.0' ],
1627 silly audit   jiti: [ '2.6.1' ],
1627 silly audit   lightningcss: [ '1.31.1' ],
1627 silly audit   'magic-string': [ '0.30.21' ],
1627 silly audit   'source-map-js': [ '1.2.1' ],
1627 silly audit   '@jridgewell/gen-mapping': [ '0.3.13' ],
1627 silly audit   '@jridgewell/trace-mapping': [ '0.3.31' ],
1627 silly audit   '@jridgewell/sourcemap-codec': [ '1.5.5' ],
1627 silly audit   '@jridgewell/resolve-uri': [ '3.1.2' ],
1627 silly audit   '@tailwindcss/oxide-android-arm64': [ '4.2.0' ],
1627 silly audit   '@tailwindcss/oxide-darwin-arm64': [ '4.2.0' ],
1627 silly audit   '@tailwindcss/oxide-darwin-x64': [ '4.2.0' ],
1627 silly audit   '@tailwindcss/oxide-freebsd-x64': [ '4.2.0' ],
1627 silly audit   '@tailwindcss/oxide-linux-arm-gnueabihf': [ '4.2.0' ],
1627 silly audit   '@tailwindcss/oxide-linux-arm64-gnu': [ '4.2.0' ],
1627 silly audit   '@tailwindcss/oxide-linux-arm64-musl': [ '4.2.0' ],
1627 silly audit   '@tailwindcss/oxide-linux-x64-gnu': [ '4.2.0' ],
1627 silly audit   '@tailwindcss/oxide-linux-x64-musl': [ '4.2.0' ],
1627 silly audit   '@tailwindcss/oxide-win32-arm64-msvc': [ '4.2.0' ],
1627 silly audit   '@tailwindcss/oxide-win32-x64-msvc': [ '4.2.0' ],
1627 silly audit   '@babel/code-frame': [ '7.29.0' ],
1627 silly audit   '@babel/runtime': [ '7.28.6' ],
1627 silly audit   '@types/aria-query': [ '5.0.4' ],
1627 silly audit   'aria-query': [ '5.3.0' ],
1627 silly audit   'dom-accessibility-api': [ '0.5.16' ],
1627 silly audit   'lz-string': [ '1.5.0' ],
1627 silly audit   picocolors: [ '1.1.1' ],
1627 silly audit   'pretty-format': [ '27.5.1' ],
1627 silly audit   '@babel/helper-validator-identifier': [ '7.28.5' ],
1627 silly audit   'js-tokens': [ '4.0.0', '9.0.1' ],
1627 silly audit   'undici-types': [ '6.21.0' ],
1627 silly audit   csstype: [ '3.2.3' ],
1627 silly audit   '@babel/core': [ '7.29.0' ],
1627 silly audit   '@babel/plugin-transform-react-jsx-self': [ '7.27.1' ],
1627 silly audit   '@babel/plugin-transform-react-jsx-source': [ '7.27.1' ],
1627 silly audit   '@rolldown/pluginutils': [ '1.0.0-beta.27' ],
1627 silly audit   '@types/babel__core': [ '7.20.5' ],
1627 silly audit   'react-refresh': [ '0.17.0' ],
1627 silly audit   '@babel/generator': [ '7.29.1' ],
1627 silly audit   '@babel/helper-compilation-targets': [ '7.28.6' ],
1627 silly audit   '@babel/helper-module-transforms': [ '7.28.6' ],
1627 silly audit   '@babel/helpers': [ '7.28.6' ],
1627 silly audit   '@babel/parser': [ '7.29.0' ],
1627 silly audit   '@babel/template': [ '7.28.6' ],
1627 silly audit   '@babel/traverse': [ '7.29.0' ],
1627 silly audit   '@babel/types': [ '7.29.0' ],
1627 silly audit   'convert-source-map': [ '2.0.0' ],
1627 silly audit   debug: [ '4.4.3' ],
1627 silly audit   gensync: [ '1.0.0-beta.2' ],
1627 silly audit   json5: [ '2.2.3' ],
1627 silly audit   semver: [ '6.3.1', '7.7.4' ],
1627 silly audit   jsesc: [ '3.1.0' ],
1627 silly audit   '@babel/compat-data': [ '7.29.0' ],
1627 silly audit   '@babel/helper-validator-option': [ '7.27.1' ],
1627 silly audit   browserslist: [ '4.28.1' ],
1627 silly audit   'lru-cache': [ '5.1.1', '10.4.3' ],
1627 silly audit   '@babel/helper-module-imports': [ '7.28.6' ],
1627 silly audit   '@babel/helper-plugin-utils': [ '7.28.6' ],
1627 silly audit   '@babel/helper-globals': [ '7.28.0' ],
1627 silly audit   '@babel/helper-string-parser': [ '7.27.1' ],
1627 silly audit   '@types/babel__generator': [ '7.27.0' ],
1627 silly audit   '@types/babel__template': [ '7.4.4' ],
1627 silly audit   '@types/babel__traverse': [ '7.28.0' ],
1627 silly audit   dequal: [ '2.0.3' ],
1627 silly audit   'baseline-browser-mapping': [ '2.10.0' ],
1627 silly audit   'caniuse-lite': [ '1.0.30001774' ],
1627 silly audit   'electron-to-chromium': [ '1.5.302' ],
1627 silly audit   'node-releases': [ '2.0.27' ],
1627 silly audit   'update-browserslist-db': [ '1.2.3' ],
1627 silly audit   ms: [ '2.1.3' ],
1627 silly audit   'graceful-fs': [ '4.2.11' ],
1627 silly audit   tapable: [ '2.3.0' ],
1627 silly audit   cssstyle: [ '4.6.0' ],
1627 silly audit   'data-urls': [ '5.0.0' ],
1627 silly audit   'decimal.js': [ '10.6.0' ],
1627 silly audit   'html-encoding-sniffer': [ '4.0.0' ],
1627 silly audit   'http-proxy-agent': [ '7.0.2' ],
1627 silly audit   'https-proxy-agent': [ '7.0.6' ],
1627 silly audit   'is-potential-custom-element-name': [ '1.0.1' ],
1627 silly audit   nwsapi: [ '2.2.23' ],
1627 silly audit   parse5: [ '7.3.0' ],
1627 silly audit   'rrweb-cssom': [ '0.8.0' ],
1627 silly audit   saxes: [ '6.0.0' ],
1627 silly audit   'symbol-tree': [ '3.2.4' ],
1627 silly audit   'tough-cookie': [ '5.1.2' ],
1627 silly audit   'w3c-xmlserializer': [ '5.0.0' ],
1627 silly audit   'webidl-conversions': [ '7.0.0' ],
1627 silly audit   'whatwg-encoding': [ '3.1.1' ],
1627 silly audit   'whatwg-mimetype': [ '4.0.0' ],
1627 silly audit   'whatwg-url': [ '14.2.0' ],
1627 silly audit   ws: [ '8.19.0' ],
1627 silly audit   'xml-name-validator': [ '5.0.0' ],
1627 silly audit   '@asamuzakjp/css-color': [ '3.2.0' ],
1627 silly audit   '@csstools/css-calc': [ '2.1.4' ],
1627 silly audit   '@csstools/css-tokenizer': [ '3.0.4' ],
1627 silly audit   '@csstools/css-parser-algorithms': [ '3.0.5' ],
1627 silly audit   '@csstools/css-color-parser': [ '3.1.0' ],
1627 silly audit   '@csstools/color-helpers': [ '5.1.0' ],
1627 silly audit   'agent-base': [ '7.1.4' ],
1627 silly audit   'detect-libc': [ '2.1.2' ],
1627 silly audit   'lightningcss-android-arm64': [ '1.31.1' ],
1627 silly audit   'lightningcss-darwin-arm64': [ '1.31.1' ],
1627 silly audit   'lightningcss-darwin-x64': [ '1.31.1' ],
1627 silly audit   'lightningcss-freebsd-x64': [ '1.31.1' ],
1627 silly audit   'lightningcss-linux-arm-gnueabihf': [ '1.31.1' ],
1627 silly audit   'lightningcss-linux-arm64-gnu': [ '1.31.1' ],
1627 silly audit   'lightningcss-linux-arm64-musl': [ '1.31.1' ],
1627 silly audit   'lightningcss-linux-x64-gnu': [ '1.31.1' ],
1627 silly audit   'lightningcss-linux-x64-musl': [ '1.31.1' ],
1627 silly audit   'lightningcss-win32-arm64-msvc': [ '1.31.1' ],
1627 silly audit   'lightningcss-win32-x64-msvc': [ '1.31.1' ],
1627 silly audit   yallist: [ '3.1.1' ],
1627 silly audit   '@next/env': [ '15.3.3' ],
1627 silly audit   '@next/swc-darwin-arm64': [ '15.3.3' ],
1627 silly audit   '@next/swc-darwin-x64': [ '15.3.3' ],
1627 silly audit   '@next/swc-linux-arm64-gnu': [ '15.3.3' ],
1627 silly audit   '@next/swc-linux-arm64-musl': [ '15.3.3' ],
1627 silly audit   '@next/swc-linux-x64-gnu': [ '15.3.3' ],
1627 silly audit   '@next/swc-linux-x64-musl': [ '15.3.3' ],
1627 silly audit   '@next/swc-win32-arm64-msvc': [ '15.3.3' ],
1627 silly audit   '@next/swc-win32-x64-msvc': [ '15.3.3' ],
1627 silly audit   '@swc/counter': [ '0.1.3' ],
1627 silly audit   '@swc/helpers': [ '0.5.15' ],
1627 silly audit   busboy: [ '1.6.0' ],
1627 silly audit   sharp: [ '0.34.5' ],
1627 silly audit   'styled-jsx': [ '5.1.6' ],
1627 silly audit   tslib: [ '2.8.1' ],
1627 silly audit   streamsearch: [ '1.1.0' ],
1627 silly audit   entities: [ '6.0.1' ],
1627 silly audit   nanoid: [ '3.3.11' ],
1627 silly audit   'ansi-regex': [ '5.0.1' ],
1627 silly audit   'ansi-styles': [ '5.2.0' ],
1627 silly audit   'react-is': [ '17.0.2' ],
1627 silly audit   scheduler: [ '0.27.0' ],
1627 silly audit   xmlchars: [ '2.2.0' ],
1627 silly audit   '@img/colour': [ '1.0.0' ],
1627 silly audit   '@img/sharp-darwin-arm64': [ '0.34.5' ],
1627 silly audit   '@img/sharp-darwin-x64': [ '0.34.5' ],
1627 silly audit   '@img/sharp-libvips-darwin-arm64': [ '1.2.4' ],
1627 silly audit   '@img/sharp-libvips-darwin-x64': [ '1.2.4' ],
1627 silly audit   '@img/sharp-libvips-linux-arm': [ '1.2.4' ],
1627 silly audit   '@img/sharp-libvips-linux-arm64': [ '1.2.4' ],
1627 silly audit   '@img/sharp-libvips-linux-ppc64': [ '1.2.4' ],
1627 silly audit   '@img/sharp-libvips-linux-riscv64': [ '1.2.4' ],
1627 silly audit   '@img/sharp-libvips-linux-s390x': [ '1.2.4' ],
1627 silly audit   '@img/sharp-libvips-linux-x64': [ '1.2.4' ],
1627 silly audit   '@img/sharp-libvips-linuxmusl-arm64': [ '1.2.4' ],
1627 silly audit   '@img/sharp-libvips-linuxmusl-x64': [ '1.2.4' ],
1627 silly audit   '@img/sharp-linux-arm': [ '0.34.5' ],
1627 silly audit   '@img/sharp-linux-arm64': [ '0.34.5' ],
1627 silly audit   '@img/sharp-linux-ppc64': [ '0.34.5' ],
1627 silly audit   '@img/sharp-linux-riscv64': [ '0.34.5' ],
1627 silly audit   '@img/sharp-linux-s390x': [ '0.34.5' ],
1627 silly audit   '@img/sharp-linux-x64': [ '0.34.5' ],
1627 silly audit   '@img/sharp-linuxmusl-arm64': [ '0.34.5' ],
1627 silly audit   '@img/sharp-linuxmusl-x64': [ '0.34.5' ],
1627 silly audit   '@img/sharp-wasm32': [ '0.34.5' ],
1627 silly audit   '@img/sharp-win32-arm64': [ '0.34.5' ],
1627 silly audit   '@img/sharp-win32-ia32': [ '0.34.5' ],
1627 silly audit   '@img/sharp-win32-x64': [ '0.34.5' ],
1627 silly audit   '@emnapi/runtime': [ '1.8.1' ],
1627 silly audit   'client-only': [ '0.0.1' ],
1627 silly audit   tldts: [ '6.1.86' ],
1627 silly audit   'tldts-core': [ '6.1.86' ],
1627 silly audit   escalade: [ '3.2.0' ],
1627 silly audit   esbuild: [ '0.27.3' ],
1627 silly audit   fdir: [ '6.5.0' ],
1627 silly audit   fsevents: [ '2.3.3' ],
1627 silly audit   picomatch: [ '4.0.3' ],
1627 silly audit   rollup: [ '4.59.0' ],
1627 silly audit   tinyglobby: [ '0.2.15' ],
1627 silly audit   '@esbuild/aix-ppc64': [ '0.27.3' ],
1627 silly audit   '@esbuild/android-arm': [ '0.27.3' ],
1627 silly audit   '@esbuild/android-arm64': [ '0.27.3' ],
1627 silly audit   '@esbuild/android-x64': [ '0.27.3' ],
1627 silly audit   '@esbuild/darwin-arm64': [ '0.27.3' ],
1627 silly audit   '@esbuild/darwin-x64': [ '0.27.3' ],
1627 silly audit   '@esbuild/freebsd-arm64': [ '0.27.3' ],
1627 silly audit   '@esbuild/freebsd-x64': [ '0.27.3' ],
1627 silly audit   '@esbuild/linux-arm': [ '0.27.3' ],
1627 silly audit   '@esbuild/linux-arm64': [ '0.27.3' ],
1627 silly audit   '@esbuild/linux-ia32': [ '0.27.3' ],
1627 silly audit   '@esbuild/linux-loong64': [ '0.27.3' ],
1627 silly audit   '@esbuild/linux-mips64el': [ '0.27.3' ],
1627 silly audit   '@esbuild/linux-ppc64': [ '0.27.3' ],
1627 silly audit   '@esbuild/linux-riscv64': [ '0.27.3' ],
1627 silly audit   '@esbuild/linux-s390x': [ '0.27.3' ],
1627 silly audit   '@esbuild/linux-x64': [ '0.27.3' ],
1627 silly audit   '@esbuild/netbsd-arm64': [ '0.27.3' ],
1627 silly audit   '@esbuild/netbsd-x64': [ '0.27.3' ],
1627 silly audit   '@esbuild/openbsd-arm64': [ '0.27.3' ],
1627 silly audit   '@esbuild/openbsd-x64': [ '0.27.3' ],
1627 silly audit   '@esbuild/openharmony-arm64': [ '0.27.3' ],
1627 silly audit   '@esbuild/sunos-x64': [ '0.27.3' ],
1627 silly audit   '@esbuild/win32-arm64': [ '0.27.3' ],
1627 silly audit   '@esbuild/win32-ia32': [ '0.27.3' ],
1627 silly audit   '@esbuild/win32-x64': [ '0.27.3' ],
1627 silly audit   '@rollup/rollup-android-arm-eabi': [ '4.59.0' ],
1627 silly audit   '@rollup/rollup-android-arm64': [ '4.59.0' ],
1627 silly audit   '@rollup/rollup-darwin-arm64': [ '4.59.0' ],
1627 silly audit   '@rollup/rollup-darwin-x64': [ '4.59.0' ],
1627 silly audit   '@rollup/rollup-freebsd-arm64': [ '4.59.0' ],
1627 silly audit   '@rollup/rollup-freebsd-x64': [ '4.59.0' ],
1627 silly audit   '@rollup/rollup-linux-arm-gnueabihf': [ '4.59.0' ],
1627 silly audit   '@rollup/rollup-linux-arm-musleabihf': [ '4.59.0' ],
1627 silly audit   '@rollup/rollup-linux-arm64-gnu': [ '4.59.0' ],
1627 silly audit   '@rollup/rollup-linux-arm64-musl': [ '4.59.0' ],
1627 silly audit   '@rollup/rollup-linux-loong64-gnu': [ '4.59.0' ],
1627 silly audit   '@rollup/rollup-linux-loong64-musl': [ '4.59.0' ],
1627 silly audit   '@rollup/rollup-linux-ppc64-gnu': [ '4.59.0' ],
1627 silly audit   '@rollup/rollup-linux-ppc64-musl': [ '4.59.0' ],
1627 silly audit   '@rollup/rollup-linux-riscv64-gnu': [ '4.59.0' ],
1627 silly audit   '@rollup/rollup-linux-riscv64-musl': [ '4.59.0' ],
1627 silly audit   '@rollup/rollup-linux-s390x-gnu': [ '4.59.0' ],
1627 silly audit   '@rollup/rollup-linux-x64-gnu': [ '4.59.0' ],
1627 silly audit   '@rollup/rollup-linux-x64-musl': [ '4.59.0' ],
1627 silly audit   '@rollup/rollup-openbsd-x64': [ '4.59.0' ],
1627 silly audit   '@rollup/rollup-openharmony-arm64': [ '4.59.0' ],
1627 silly audit   '@rollup/rollup-win32-arm64-msvc': [ '4.59.0' ],
1627 silly audit   '@rollup/rollup-win32-ia32-msvc': [ '4.59.0' ],
1627 silly audit   '@rollup/rollup-win32-x64-gnu': [ '4.59.0' ],
1627 silly audit   '@rollup/rollup-win32-x64-msvc': [ '4.59.0' ],
1627 silly audit   '@types/estree': [ '1.0.8' ],
1627 silly audit   '@types/chai': [ '5.2.3' ],
1627 silly audit   '@vitest/expect': [ '3.2.4' ],
1627 silly audit   '@vitest/mocker': [ '3.2.4' ],
1627 silly audit   '@vitest/pretty-format': [ '3.2.4' ],
1627 silly audit   '@vitest/runner': [ '3.2.4' ],
1627 silly audit   '@vitest/snapshot': [ '3.2.4' ],
1627 silly audit   '@vitest/spy': [ '3.2.4' ],
1627 silly audit   '@vitest/utils': [ '3.2.4' ],
1627 silly audit   chai: [ '5.3.3' ],
1627 silly audit   'expect-type': [ '1.3.0' ],
1627 silly audit   pathe: [ '2.0.3' ],
1627 silly audit   'std-env': [ '3.10.0' ],
1627 silly audit   tinybench: [ '2.9.0' ],
1627 silly audit   tinyexec: [ '0.3.2' ],
1627 silly audit   tinypool: [ '1.1.1' ],
1627 silly audit   tinyrainbow: [ '2.0.0' ],
1627 silly audit   'vite-node': [ '3.2.4' ],
1627 silly audit   'why-is-node-running': [ '2.3.0' ],
1627 silly audit   '@types/deep-eql': [ '4.0.2' ],
1627 silly audit   'assertion-error': [ '2.0.1' ],
1627 silly audit   'estree-walker': [ '3.0.3' ],
1627 silly audit   'strip-literal': [ '3.1.0' ],
1627 silly audit   tinyspy: [ '4.0.4' ],
1627 silly audit   loupe: [ '3.2.1' ],
1627 silly audit   'check-error': [ '2.1.3' ],
1627 silly audit   'deep-eql': [ '5.0.2' ],
1627 silly audit   pathval: [ '2.0.1' ],
1627 silly audit   cac: [ '6.7.14' ],
1627 silly audit   'es-module-lexer': [ '1.7.0' ],
1627 silly audit   'iconv-lite': [ '0.6.3' ],
1627 silly audit   'safer-buffer': [ '2.1.2' ],
1627 silly audit   tr46: [ '5.1.1' ],
1627 silly audit   punycode: [ '2.3.1' ],
1627 silly audit   siginfo: [ '2.0.0' ],
1627 silly audit   stackback: [ '0.0.2' ],
1627 silly audit   '@tailwindcss/oxide-wasm32-wasi': [ '4.2.0' ]
1627 silly audit }
1628 verbose reify failed optional dependency /home/jez/agent-jenson/workspace/node_modules/@rollup/rollup-win32-x64-msvc
1629 silly reify mark deleted [
1629 silly reify   '/home/jez/agent-jenson/workspace/node_modules/@rollup/rollup-win32-x64-msvc'
1629 silly reify ]
1630 verbose reify failed optional dependency /home/jez/agent-jenson/workspace/node_modules/@rollup/rollup-win32-x64-gnu
1631 silly reify mark deleted [
1631 silly reify   '/home/jez/agent-jenson/workspace/node_modules/@rollup/rollup-win32-x64-gnu'
1631 silly reify ]
1632 verbose reify failed optional dependency /home/jez/agent-jenson/workspace/node_modules/@rollup/rollup-win32-ia32-msvc
1633 silly reify mark deleted [
1633 silly reify   '/home/jez/agent-jenson/workspace/node_modules/@rollup/rollup-win32-ia32-msvc'
1633 silly reify ]
1634 verbose reify failed optional dependency /home/jez/agent-jenson/workspace/node_modules/@rollup/rollup-win32-arm64-msvc
1635 silly reify mark deleted [
1635 silly reify   '/home/jez/agent-jenson/workspace/node_modules/@rollup/rollup-win32-arm64-msvc'
1635 silly reify ]
1636 verbose reify failed optional dependency /home/jez/agent-jenson/workspace/node_modules/@rollup/rollup-openharmony-arm64
1637 silly reify mark deleted [
1637 silly reify   '/home/jez/agent-jenson/workspace/node_modules/@rollup/rollup-openharmony-arm64'
1637 silly reify ]
1638 verbose reify failed optional dependency /home/jez/agent-jenson/workspace/node_modules/@rollup/rollup-openbsd-x64
1639 silly reify mark deleted [
1639 silly reify   '/home/jez/agent-jenson/workspace/node_modules/@rollup/rollup-openbsd-x64'
1639 silly reify ]
1640 verbose reify failed optional dependency /home/jez/agent-jenson/workspace/node_modules/@rollup/rollup-linux-x64-musl
1641 silly reify mark deleted [
1641 silly reify   '/home/jez/agent-jenson/workspace/node_modules/@rollup/rollup-linux-x64-musl'
1641 silly reify ]
1642 verbose reify failed optional dependency /home/jez/agent-jenson/workspace/node_modules/@rollup/rollup-linux-s390x-gnu
1643 silly reify mark deleted [
1643 silly reify   '/home/jez/agent-jenson/workspace/node_modules/@rollup/rollup-linux-s390x-gnu'
1643 silly reify ]
1644 verbose reify failed optional dependency /home/jez/agent-jenson/workspace/node_modules/@rollup/rollup-linux-riscv64-musl
1645 silly reify mark deleted [
1645 silly reify   '/home/jez/agent-jenson/workspace/node_modules/@rollup/rollup-linux-riscv64-musl'
1645 silly reify ]
1646 verbose reify failed optional dependency /home/jez/agent-jenson/workspace/node_modules/@rollup/rollup-linux-riscv64-gnu
1647 silly reify mark deleted [
1647 silly reify   '/home/jez/agent-jenson/workspace/node_modules/@rollup/rollup-linux-riscv64-gnu'
1647 silly reify ]
1648 verbose reify failed optional dependency /home/jez/agent-jenson/workspace/node_modules/@rollup/rollup-linux-ppc64-musl
1649 silly reify mark deleted [
1649 silly reify   '/home/jez/agent-jenson/workspace/node_modules/@rollup/rollup-linux-ppc64-musl'
1649 silly reify ]
1650 verbose reify failed optional dependency /home/jez/agent-jenson/workspace/node_modules/@rollup/rollup-linux-ppc64-gnu
1651 silly reify mark deleted [
1651 silly reify   '/home/jez/agent-jenson/workspace/node_modules/@rollup/rollup-linux-ppc64-gnu'
1651 silly reify ]
1652 verbose reify failed optional dependency /home/jez/agent-jenson/workspace/node_modules/@rollup/rollup-linux-loong64-musl
1653 silly reify mark deleted [
1653 silly reify   '/home/jez/agent-jenson/workspace/node_modules/@rollup/rollup-linux-loong64-musl'
1653 silly reify ]
1654 verbose reify failed optional dependency /home/jez/agent-jenson/workspace/node_modules/@rollup/rollup-linux-loong64-gnu
1655 silly reify mark deleted [
1655 silly reify   '/home/jez/agent-jenson/workspace/node_modules/@rollup/rollup-linux-loong64-gnu'
1655 silly reify ]
1656 verbose reify failed optional dependency /home/jez/agent-jenson/workspace/node_modules/@rollup/rollup-linux-arm64-musl
1657 silly reify mark deleted [
1657 silly reify   '/home/jez/agent-jenson/workspace/node_modules/@rollup/rollup-linux-arm64-musl'
1657 silly reify ]
1658 verbose reify failed optional dependency /home/jez/agent-jenson/workspace/node_modules/@rollup/rollup-linux-arm64-gnu
1659 silly reify mark deleted [
1659 silly reify   '/home/jez/agent-jenson/workspace/node_modules/@rollup/rollup-linux-arm64-gnu'
1659 silly reify ]
1660 verbose reify failed optional dependency /home/jez/agent-jenson/workspace/node_modules/@rollup/rollup-linux-arm-musleabihf
1661 silly reify mark deleted [
1661 silly reify   '/home/jez/agent-jenson/workspace/node_modules/@rollup/rollup-linux-arm-musleabihf'
1661 silly reify ]
1662 verbose reify failed optional dependency /home/jez/agent-jenson/workspace/node_modules/@rollup/rollup-linux-arm-gnueabihf
1663 silly reify mark deleted [
1663 silly reify   '/home/jez/agent-jenson/workspace/node_modules/@rollup/rollup-linux-arm-gnueabihf'
1663 silly reify ]
1664 verbose reify failed optional dependency /home/jez/agent-jenson/workspace/node_modules/@rollup/rollup-freebsd-x64
1665 silly reify mark deleted [
1665 silly reify   '/home/jez/agent-jenson/workspace/node_modules/@rollup/rollup-freebsd-x64'
1665 silly reify ]
1666 verbose reify failed optional dependency /home/jez/agent-jenson/workspace/node_modules/@rollup/rollup-freebsd-arm64
1667 silly reify mark deleted [
1667 silly reify   '/home/jez/agent-jenson/workspace/node_modules/@rollup/rollup-freebsd-arm64'
1667 silly reify ]
1668 verbose reify failed optional dependency /home/jez/agent-jenson/workspace/node_modules/@rollup/rollup-darwin-x64
1669 silly reify mark deleted [
1669 silly reify   '/home/jez/agent-jenson/workspace/node_modules/@rollup/rollup-darwin-x64'
1669 silly reify ]
1670 verbose reify failed optional dependency /home/jez/agent-jenson/workspace/node_modules/@rollup/rollup-darwin-arm64
1671 silly reify mark deleted [
1671 silly reify   '/home/jez/agent-jenson/workspace/node_modules/@rollup/rollup-darwin-arm64'
1671 silly reify ]
1672 verbose reify failed optional dependency /home/jez/agent-jenson/workspace/node_modules/@rollup/rollup-android-arm64
1673 silly reify mark deleted [
1673 silly reify   '/home/jez/agent-jenson/workspace/node_modules/@rollup/rollup-android-arm64'
1673 silly reify ]
1674 verbose reify failed optional dependency /home/jez/agent-jenson/workspace/node_modules/@rollup/rollup-android-arm-eabi
1675 silly reify mark deleted [
1675 silly reify   '/home/jez/agent-jenson/workspace/node_modules/@rollup/rollup-android-arm-eabi'
1675 silly reify ]
1676 verbose reify failed optional dependency /home/jez/agent-jenson/workspace/node_modules/@esbuild/win32-x64
1677 silly reify mark deleted [ '/home/jez/agent-jenson/workspace/node_modules/@esbuild/win32-x64' ]
1678 verbose reify failed optional dependency /home/jez/agent-jenson/workspace/node_modules/@esbuild/win32-ia32
1679 silly reify mark deleted [ '/home/jez/agent-jenson/workspace/node_modules/@esbuild/win32-ia32' ]
1680 verbose reify failed optional dependency /home/jez/agent-jenson/workspace/node_modules/@esbuild/win32-arm64
1681 silly reify mark deleted [
1681 silly reify   '/home/jez/agent-jenson/workspace/node_modules/@esbuild/win32-arm64'
1681 silly reify ]
1682 verbose reify failed optional dependency /home/jez/agent-jenson/workspace/node_modules/@esbuild/sunos-x64
1683 silly reify mark deleted [ '/home/jez/agent-jenson/workspace/node_modules/@esbuild/sunos-x64' ]
1684 verbose reify failed optional dependency /home/jez/agent-jenson/workspace/node_modules/@esbuild/openharmony-arm64
1685 silly reify mark deleted [
1685 silly reify   '/home/jez/agent-jenson/workspace/node_modules/@esbuild/openharmony-arm64'
1685 silly reify ]
1686 verbose reify failed optional dependency /home/jez/agent-jenson/workspace/node_modules/@esbuild/openbsd-x64
1687 silly reify mark deleted [
1687 silly reify   '/home/jez/agent-jenson/workspace/node_modules/@esbuild/openbsd-x64'
1687 silly reify ]
1688 verbose reify failed optional dependency /home/jez/agent-jenson/workspace/node_modules/@esbuild/openbsd-arm64
1689 silly reify mark deleted [
1689 silly reify   '/home/jez/agent-jenson/workspace/node_modules/@esbuild/openbsd-arm64'
1689 silly reify ]
1690 verbose reify failed optional dependency /home/jez/agent-jenson/workspace/node_modules/@esbuild/netbsd-x64
1691 silly reify mark deleted [ '/home/jez/agent-jenson/workspace/node_modules/@esbuild/netbsd-x64' ]
1692 verbose reify failed optional dependency /home/jez/agent-jenson/workspace/node_modules/@esbuild/netbsd-arm64
1693 silly reify mark deleted [
1693 silly reify   '/home/jez/agent-jenson/workspace/node_modules/@esbuild/netbsd-arm64'
1693 silly reify ]
1694 verbose reify failed optional dependency /home/jez/agent-jenson/workspace/node_modules/@esbuild/linux-s390x
1695 silly reify mark deleted [
1695 silly reify   '/home/jez/agent-jenson/workspace/node_modules/@esbuild/linux-s390x'
1695 silly reify ]
1696 verbose reify failed optional dependency /home/jez/agent-jenson/workspace/node_modules/@esbuild/linux-riscv64
1697 silly reify mark deleted [
1697 silly reify   '/home/jez/agent-jenson/workspace/node_modules/@esbuild/linux-riscv64'
1697 silly reify ]
1698 verbose reify failed optional dependency /home/jez/agent-jenson/workspace/node_modules/@esbuild/linux-ppc64
1699 silly reify mark deleted [
1699 silly reify   '/home/jez/agent-jenson/workspace/node_modules/@esbuild/linux-ppc64'
1699 silly reify ]
1700 verbose reify failed optional dependency /home/jez/agent-jenson/workspace/node_modules/@esbuild/linux-mips64el
1701 silly reify mark deleted [
1701 silly reify   '/home/jez/agent-jenson/workspace/node_modules/@esbuild/linux-mips64el'
1701 silly reify ]
1702 verbose reify failed optional dependency /home/jez/agent-jenson/workspace/node_modules/@esbuild/linux-loong64
1703 silly reify mark deleted [
1703 silly reify   '/home/jez/agent-jenson/workspace/node_modules/@esbuild/linux-loong64'
1703 silly reify ]
1704 verbose reify failed optional dependency /home/jez/agent-jenson/workspace/node_modules/@esbuild/linux-ia32
1705 silly reify mark deleted [ '/home/jez/agent-jenson/workspace/node_modules/@esbuild/linux-ia32' ]
1706 verbose reify failed optional dependency /home/jez/agent-jenson/workspace/node_modules/@esbuild/linux-arm64
1707 silly reify mark deleted [
1707 silly reify   '/home/jez/agent-jenson/workspace/node_modules/@esbuild/linux-arm64'
1707 silly reify ]
1708 verbose reify failed optional dependency /home/jez/agent-jenson/workspace/node_modules/@esbuild/linux-arm
1709 silly reify mark deleted [ '/home/jez/agent-jenson/workspace/node_modules/@esbuild/linux-arm' ]
1710 verbose reify failed optional dependency /home/jez/agent-jenson/workspace/node_modules/@esbuild/freebsd-x64
1711 silly reify mark deleted [
1711 silly reify   '/home/jez/agent-jenson/workspace/node_modules/@esbuild/freebsd-x64'
1711 silly reify ]
1712 verbose reify failed optional dependency /home/jez/agent-jenson/workspace/node_modules/@esbuild/freebsd-arm64
1713 silly reify mark deleted [
1713 silly reify   '/home/jez/agent-jenson/workspace/node_modules/@esbuild/freebsd-arm64'
1713 silly reify ]
1714 verbose reify failed optional dependency /home/jez/agent-jenson/workspace/node_modules/@esbuild/darwin-x64
1715 silly reify mark deleted [ '/home/jez/agent-jenson/workspace/node_modules/@esbuild/darwin-x64' ]
1716 verbose reify failed optional dependency /home/jez/agent-jenson/workspace/node_modules/@esbuild/darwin-arm64
1717 silly reify mark deleted [
1717 silly reify   '/home/jez/agent-jenson/workspace/node_modules/@esbuild/darwin-arm64'
1717 silly reify ]
1718 verbose reify failed optional dependency /home/jez/agent-jenson/workspace/node_modules/@esbuild/android-x64
1719 silly reify mark deleted [
1719 silly reify   '/home/jez/agent-jenson/workspace/node_modules/@esbuild/android-x64'
1719 silly reify ]
1720 verbose reify failed optional dependency /home/jez/agent-jenson/workspace/node_modules/@esbuild/android-arm64
1721 silly reify mark deleted [
1721 silly reify   '/home/jez/agent-jenson/workspace/node_modules/@esbuild/android-arm64'
1721 silly reify ]
1722 verbose reify failed optional dependency /home/jez/agent-jenson/workspace/node_modules/@esbuild/android-arm
1723 silly reify mark deleted [
1723 silly reify   '/home/jez/agent-jenson/workspace/node_modules/@esbuild/android-arm'
1723 silly reify ]
1724 verbose reify failed optional dependency /home/jez/agent-jenson/workspace/node_modules/@esbuild/aix-ppc64
1725 silly reify mark deleted [ '/home/jez/agent-jenson/workspace/node_modules/@esbuild/aix-ppc64' ]
1726 verbose reify failed optional dependency /home/jez/agent-jenson/workspace/node_modules/fsevents
1727 silly reify mark deleted [ '/home/jez/agent-jenson/workspace/node_modules/fsevents' ]
1728 verbose reify failed optional dependency /home/jez/agent-jenson/workspace/node_modules/@img/sharp-win32-x64
1729 silly reify mark deleted [
1729 silly reify   '/home/jez/agent-jenson/workspace/node_modules/@img/sharp-win32-x64'
1729 silly reify ]
1730 verbose reify failed optional dependency /home/jez/agent-jenson/workspace/node_modules/@img/sharp-win32-ia32
1731 silly reify mark deleted [
1731 silly reify   '/home/jez/agent-jenson/workspace/node_modules/@img/sharp-win32-ia32'
1731 silly reify ]
1732 verbose reify failed optional dependency /home/jez/agent-jenson/workspace/node_modules/@img/sharp-win32-arm64
1733 silly reify mark deleted [
1733 silly reify   '/home/jez/agent-jenson/workspace/node_modules/@img/sharp-win32-arm64'
1733 silly reify ]
1734 verbose reify failed optional dependency /home/jez/agent-jenson/workspace/node_modules/@img/sharp-wasm32
1735 silly reify mark deleted [ '/home/jez/agent-jenson/workspace/node_modules/@img/sharp-wasm32' ]
1736 verbose reify failed optional dependency /home/jez/agent-jenson/workspace/node_modules/@img/sharp-linuxmusl-x64
1737 silly reify mark deleted [
1737 silly reify   '/home/jez/agent-jenson/workspace/node_modules/@img/sharp-linuxmusl-x64'
1737 silly reify ]
1738 verbose reify failed optional dependency /home/jez/agent-jenson/workspace/node_modules/@img/sharp-linuxmusl-arm64
1739 silly reify mark deleted [
1739 silly reify   '/home/jez/agent-jenson/workspace/node_modules/@img/sharp-linuxmusl-arm64'
1739 silly reify ]
1740 verbose reify failed optional dependency /home/jez/agent-jenson/workspace/node_modules/@img/sharp-linux-s390x
1741 silly reify mark deleted [
1741 silly reify   '/home/jez/agent-jenson/workspace/node_modules/@img/sharp-linux-s390x'
1741 silly reify ]
1742 verbose reify failed optional dependency /home/jez/agent-jenson/workspace/node_modules/@img/sharp-linux-riscv64
1743 silly reify mark deleted [
1743 silly reify   '/home/jez/agent-jenson/workspace/node_modules/@img/sharp-linux-riscv64'
1743 silly reify ]
1744 verbose reify failed optional dependency /home/jez/agent-jenson/workspace/node_modules/@img/sharp-linux-ppc64
1745 silly reify mark deleted [
1745 silly reify   '/home/jez/agent-jenson/workspace/node_modules/@img/sharp-linux-ppc64'
1745 silly reify ]
1746 verbose reify failed optional dependency /home/jez/agent-jenson/workspace/node_modules/@img/sharp-linux-arm64
1747 silly reify mark deleted [
1747 silly reify   '/home/jez/agent-jenson/workspace/node_modules/@img/sharp-linux-arm64'
1747 silly reify ]
1748 verbose reify failed optional dependency /home/jez/agent-jenson/workspace/node_modules/@img/sharp-linux-arm
1749 silly reify mark deleted [
1749 silly reify   '/home/jez/agent-jenson/workspace/node_modules/@img/sharp-linux-arm'
1749 silly reify ]
1750 verbose reify failed optional dependency /home/jez/agent-jenson/workspace/node_modules/@img/sharp-libvips-linuxmusl-x64
1751 silly reify mark deleted [
1751 silly reify   '/home/jez/agent-jenson/workspace/node_modules/@img/sharp-libvips-linuxmusl-x64'
1751 silly reify ]
1752 verbose reify failed optional dependency /home/jez/agent-jenson/workspace/node_modules/@img/sharp-libvips-linuxmusl-arm64
1753 silly reify mark deleted [
1753 silly reify   '/home/jez/agent-jenson/workspace/node_modules/@img/sharp-libvips-linuxmusl-arm64'
1753 silly reify ]
1754 verbose reify failed optional dependency /home/jez/agent-jenson/workspace/node_modules/@img/sharp-libvips-linux-s390x
1755 silly reify mark deleted [
1755 silly reify   '/home/jez/agent-jenson/workspace/node_modules/@img/sharp-libvips-linux-s390x'
1755 silly reify ]
1756 verbose reify failed optional dependency /home/jez/agent-jenson/workspace/node_modules/@img/sharp-libvips-linux-riscv64
1757 silly reify mark deleted [
1757 silly reify   '/home/jez/agent-jenson/workspace/node_modules/@img/sharp-libvips-linux-riscv64'
1757 silly reify ]
1758 verbose reify failed optional dependency /home/jez/agent-jenson/workspace/node_modules/@img/sharp-libvips-linux-ppc64
1759 silly reify mark deleted [
1759 silly reify   '/home/jez/agent-jenson/workspace/node_modules/@img/sharp-libvips-linux-ppc64'
1759 silly reify ]
1760 verbose reify failed optional dependency /home/jez/agent-jenson/workspace/node_modules/@img/sharp-libvips-linux-arm64
1761 silly reify mark deleted [
1761 silly reify   '/home/jez/agent-jenson/workspace/node_modules/@img/sharp-libvips-linux-arm64'
1761 silly reify ]
1762 verbose reify failed optional dependency /home/jez/agent-jenson/workspace/node_modules/@img/sharp-libvips-linux-arm
1763 silly reify mark deleted [
1763 silly reify   '/home/jez/agent-jenson/workspace/node_modules/@img/sharp-libvips-linux-arm'
1763 silly reify ]
1764 verbose reify failed optional dependency /home/jez/agent-jenson/workspace/node_modules/@img/sharp-libvips-darwin-x64
1765 silly reify mark deleted [
1765 silly reify   '/home/jez/agent-jenson/workspace/node_modules/@img/sharp-libvips-darwin-x64'
1765 silly reify ]
1766 verbose reify failed optional dependency /home/jez/agent-jenson/workspace/node_modules/@img/sharp-libvips-darwin-arm64
1767 silly reify mark deleted [
1767 silly reify   '/home/jez/agent-jenson/workspace/node_modules/@img/sharp-libvips-darwin-arm64'
1767 silly reify ]
1768 verbose reify failed optional dependency /home/jez/agent-jenson/workspace/node_modules/@img/sharp-darwin-x64
1769 silly reify mark deleted [
1769 silly reify   '/home/jez/agent-jenson/workspace/node_modules/@img/sharp-darwin-x64'
1769 silly reify ]
1770 verbose reify failed optional dependency /home/jez/agent-jenson/workspace/node_modules/@img/sharp-darwin-arm64
1771 silly reify mark deleted [
1771 silly reify   '/home/jez/agent-jenson/workspace/node_modules/@img/sharp-darwin-arm64'
1771 silly reify ]
1772 verbose reify failed optional dependency /home/jez/agent-jenson/workspace/node_modules/@next/swc-win32-x64-msvc
1773 silly reify mark deleted [
1773 silly reify   '/home/jez/agent-jenson/workspace/node_modules/@next/swc-win32-x64-msvc'
1773 silly reify ]
1774 verbose reify failed optional dependency /home/jez/agent-jenson/workspace/node_modules/@next/swc-win32-arm64-msvc
1775 silly reify mark deleted [
1775 silly reify   '/home/jez/agent-jenson/workspace/node_modules/@next/swc-win32-arm64-msvc'
1775 silly reify ]
1776 verbose reify failed optional dependency /home/jez/agent-jenson/workspace/node_modules/@next/swc-linux-x64-musl
1777 silly reify mark deleted [
1777 silly reify   '/home/jez/agent-jenson/workspace/node_modules/@next/swc-linux-x64-musl'
1777 silly reify ]
1778 verbose reify failed optional dependency /home/jez/agent-jenson/workspace/node_modules/@next/swc-linux-arm64-musl
1779 silly reify mark deleted [
1779 silly reify   '/home/jez/agent-jenson/workspace/node_modules/@next/swc-linux-arm64-musl'
1779 silly reify ]
1780 verbose reify failed optional dependency /home/jez/agent-jenson/workspace/node_modules/@next/swc-linux-arm64-gnu
1781 silly reify mark deleted [
1781 silly reify   '/home/jez/agent-jenson/workspace/node_modules/@next/swc-linux-arm64-gnu'
1781 silly reify ]
1782 verbose reify failed optional dependency /home/jez/agent-jenson/workspace/node_modules/@next/swc-darwin-x64
1783 silly reify mark deleted [
1783 silly reify   '/home/jez/agent-jenson/workspace/node_modules/@next/swc-darwin-x64'
1783 silly reify ]
1784 verbose reify failed optional dependency /home/jez/agent-jenson/workspace/node_modules/@next/swc-darwin-arm64
1785 silly reify mark deleted [
1785 silly reify   '/home/jez/agent-jenson/workspace/node_modules/@next/swc-darwin-arm64'
1785 silly reify ]
1786 verbose reify failed optional dependency /home/jez/agent-jenson/workspace/node_modules/lightningcss-win32-x64-msvc
1787 silly reify mark deleted [
1787 silly reify   '/home/jez/agent-jenson/workspace/node_modules/lightningcss-win32-x64-msvc'
1787 silly reify ]
1788 verbose reify failed optional dependency /home/jez/agent-jenson/workspace/node_modules/lightningcss-win32-arm64-msvc
1789 silly reify mark deleted [
1789 silly reify   '/home/jez/agent-jenson/workspace/node_modules/lightningcss-win32-arm64-msvc'
1789 silly reify ]
1790 verbose reify failed optional dependency /home/jez/agent-jenson/workspace/node_modules/lightningcss-linux-x64-musl
1791 silly reify mark deleted [
1791 silly reify   '/home/jez/agent-jenson/workspace/node_modules/lightningcss-linux-x64-musl'
1791 silly reify ]
1792 verbose reify failed optional dependency /home/jez/agent-jenson/workspace/node_modules/lightningcss-linux-arm64-musl
1793 silly reify mark deleted [
1793 silly reify   '/home/jez/agent-jenson/workspace/node_modules/lightningcss-linux-arm64-musl'
1793 silly reify ]
1794 verbose reify failed optional dependency /home/jez/agent-jenson/workspace/node_modules/lightningcss-linux-arm64-gnu
1795 silly reify mark deleted [
1795 silly reify   '/home/jez/agent-jenson/workspace/node_modules/lightningcss-linux-arm64-gnu'
1795 silly reify ]
1796 verbose reify failed optional dependency /home/jez/agent-jenson/workspace/node_modules/lightningcss-linux-arm-gnueabihf
1797 silly reify mark deleted [
1797 silly reify   '/home/jez/agent-jenson/workspace/node_modules/lightningcss-linux-arm-gnueabihf'
1797 silly reify ]
1798 verbose reify failed optional dependency /home/jez/agent-jenson/workspace/node_modules/lightningcss-freebsd-x64
1799 silly reify mark deleted [
1799 silly reify   '/home/jez/agent-jenson/workspace/node_modules/lightningcss-freebsd-x64'
1799 silly reify ]
1800 verbose reify failed optional dependency /home/jez/agent-jenson/workspace/node_modules/lightningcss-darwin-x64
1801 silly reify mark deleted [
1801 silly reify   '/home/jez/agent-jenson/workspace/node_modules/lightningcss-darwin-x64'
1801 silly reify ]
1802 verbose reify failed optional dependency /home/jez/agent-jenson/workspace/node_modules/lightningcss-darwin-arm64
1803 silly reify mark deleted [
1803 silly reify   '/home/jez/agent-jenson/workspace/node_modules/lightningcss-darwin-arm64'
1803 silly reify ]
1804 verbose reify failed optional dependency /home/jez/agent-jenson/workspace/node_modules/lightningcss-android-arm64
1805 silly reify mark deleted [
1805 silly reify   '/home/jez/agent-jenson/workspace/node_modules/lightningcss-android-arm64'
1805 silly reify ]
1806 verbose reify failed optional dependency /home/jez/agent-jenson/workspace/node_modules/@tailwindcss/oxide-win32-x64-msvc
1807 silly reify mark deleted [
1807 silly reify   '/home/jez/agent-jenson/workspace/node_modules/@tailwindcss/oxide-win32-x64-msvc'
1807 silly reify ]
1808 verbose reify failed optional dependency /home/jez/agent-jenson/workspace/node_modules/@tailwindcss/oxide-win32-arm64-msvc
1809 silly reify mark deleted [
1809 silly reify   '/home/jez/agent-jenson/workspace/node_modules/@tailwindcss/oxide-win32-arm64-msvc'
1809 silly reify ]
1810 verbose reify failed optional dependency /home/jez/agent-jenson/workspace/node_modules/@tailwindcss/oxide-linux-x64-musl
1811 silly reify mark deleted [
1811 silly reify   '/home/jez/agent-jenson/workspace/node_modules/@tailwindcss/oxide-linux-x64-musl'
1811 silly reify ]
1812 verbose reify failed optional dependency /home/jez/agent-jenson/workspace/node_modules/@tailwindcss/oxide-linux-arm64-musl
1813 silly reify mark deleted [
1813 silly reify   '/home/jez/agent-jenson/workspace/node_modules/@tailwindcss/oxide-linux-arm64-musl'
1813 silly reify ]
1814 verbose reify failed optional dependency /home/jez/agent-jenson/workspace/node_modules/@tailwindcss/oxide-linux-arm64-gnu
1815 silly reify mark deleted [
1815 silly reify   '/home/jez/agent-jenson/workspace/node_modules/@tailwindcss/oxide-linux-arm64-gnu'
1815 silly reify ]
1816 verbose reify failed optional dependency /home/jez/agent-jenson/workspace/node_modules/@tailwindcss/oxide-linux-arm-gnueabihf
1817 silly reify mark deleted [
1817 silly reify   '/home/jez/agent-jenson/workspace/node_modules/@tailwindcss/oxide-linux-arm-gnueabihf'
1817 silly reify ]
1818 verbose reify failed optional dependency /home/jez/agent-jenson/workspace/node_modules/@tailwindcss/oxide-freebsd-x64
1819 silly reify mark deleted [
1819 silly reify   '/home/jez/agent-jenson/workspace/node_modules/@tailwindcss/oxide-freebsd-x64'
1819 silly reify ]
1820 verbose reify failed optional dependency /home/jez/agent-jenson/workspace/node_modules/@tailwindcss/oxide-darwin-x64
1821 silly reify mark deleted [
1821 silly reify   '/home/jez/agent-jenson/workspace/node_modules/@tailwindcss/oxide-darwin-x64'
1821 silly reify ]
1822 verbose reify failed optional dependency /home/jez/agent-jenson/workspace/node_modules/@tailwindcss/oxide-darwin-arm64
1823 silly reify mark deleted [
1823 silly reify   '/home/jez/agent-jenson/workspace/node_modules/@tailwindcss/oxide-darwin-arm64'
1823 silly reify ]
1824 verbose reify failed optional dependency /home/jez/agent-jenson/workspace/node_modules/@tailwindcss/oxide-android-arm64
1825 silly reify mark deleted [
1825 silly reify   '/home/jez/agent-jenson/workspace/node_modules/@tailwindcss/oxide-android-arm64'
1825 silly reify ]
1826 silly tarball no local data for stackback@https://registry.npmjs.org/stackback/-/stackback-0.0.2.tgz. Extracting by manifest.
1827 silly tarball no local data for punycode@https://registry.npmjs.org/punycode/-/punycode-2.3.1.tgz. Extracting by manifest.
1828 silly tarball no local data for siginfo@https://registry.npmjs.org/siginfo/-/siginfo-2.0.0.tgz. Extracting by manifest.
1829 silly tarball no local data for tr46@https://registry.npmjs.org/tr46/-/tr46-5.1.1.tgz. Extracting by manifest.
1830 silly tarball no local data for safer-buffer@https://registry.npmjs.org/safer-buffer/-/safer-buffer-2.1.2.tgz. Extracting by manifest.
1831 silly tarball no local data for iconv-lite@https://registry.npmjs.org/iconv-lite/-/iconv-lite-0.6.3.tgz. Extracting by manifest.
1832 silly tarball no local data for es-module-lexer@https://registry.npmjs.org/es-module-lexer/-/es-module-lexer-1.7.0.tgz. Extracting by manifest.
1833 silly tarball no local data for cac@https://registry.npmjs.org/cac/-/cac-6.7.14.tgz. Extracting by manifest.
1834 silly tarball no local data for pathval@https://registry.npmjs.org/pathval/-/pathval-2.0.1.tgz. Extracting by manifest.
1835 silly tarball no local data for deep-eql@https://registry.npmjs.org/deep-eql/-/deep-eql-5.0.2.tgz. Extracting by manifest.
1836 silly tarball no local data for check-error@https://registry.npmjs.org/check-error/-/check-error-2.1.3.tgz. Extracting by manifest.
1837 silly tarball no local data for loupe@https://registry.npmjs.org/loupe/-/loupe-3.2.1.tgz. Extracting by manifest.
1838 silly tarball no local data for tinyspy@https://registry.npmjs.org/tinyspy/-/tinyspy-4.0.4.tgz. Extracting by manifest.
1839 silly tarball no local data for strip-literal@https://registry.npmjs.org/strip-literal/-/strip-literal-3.1.0.tgz. Extracting by manifest.
1840 silly tarball no local data for estree-walker@https://registry.npmjs.org/estree-walker/-/estree-walker-3.0.3.tgz. Extracting by manifest.
1841 silly tarball no local data for assertion-error@https://registry.npmjs.org/assertion-error/-/assertion-error-2.0.1.tgz. Extracting by manifest.
1842 silly tarball no local data for @types/deep-eql@https://registry.npmjs.org/@types/deep-eql/-/deep-eql-4.0.2.tgz. Extracting by manifest.
1843 silly tarball no local data for why-is-node-running@https://registry.npmjs.org/why-is-node-running/-/why-is-node-running-2.3.0.tgz. Extracting by manifest.
1844 silly tarball no local data for vite-node@https://registry.npmjs.org/vite-node/-/vite-node-3.2.4.tgz. Extracting by manifest.
1845 silly tarball no local data for tinyrainbow@https://registry.npmjs.org/tinyrainbow/-/tinyrainbow-2.0.0.tgz. Extracting by manifest.
1846 silly tarball no local data for tinybench@https://registry.npmjs.org/tinybench/-/tinybench-2.9.0.tgz. Extracting by manifest.
1847 silly tarball no local data for std-env@https://registry.npmjs.org/std-env/-/std-env-3.10.0.tgz. Extracting by manifest.
1848 silly tarball no local data for tinyexec@https://registry.npmjs.org/tinyexec/-/tinyexec-0.3.2.tgz. Extracting by manifest.
1849 silly tarball no local data for pathe@https://registry.npmjs.org/pathe/-/pathe-2.0.3.tgz. Extracting by manifest.
1850 silly tarball no local data for expect-type@https://registry.npmjs.org/expect-type/-/expect-type-1.3.0.tgz. Extracting by manifest.
1851 silly tarball no local data for chai@https://registry.npmjs.org/chai/-/chai-5.3.3.tgz. Extracting by manifest.
1852 silly tarball no local data for tinypool@https://registry.npmjs.org/tinypool/-/tinypool-1.1.1.tgz. Extracting by manifest.
1853 silly tarball no local data for @vitest/utils@https://registry.npmjs.org/@vitest/utils/-/utils-3.2.4.tgz. Extracting by manifest.
1854 silly tarball no local data for @vitest/snapshot@https://registry.npmjs.org/@vitest/snapshot/-/snapshot-3.2.4.tgz. Extracting by manifest.
1855 silly tarball no local data for @vitest/runner@https://registry.npmjs.org/@vitest/runner/-/runner-3.2.4.tgz. Extracting by manifest.
1856 silly tarball no local data for @vitest/pretty-format@https://registry.npmjs.org/@vitest/pretty-format/-/pretty-format-3.2.4.tgz. Extracting by manifest.
1857 silly tarball no local data for @vitest/expect@https://registry.npmjs.org/@vitest/expect/-/expect-3.2.4.tgz. Extracting by manifest.
1858 silly tarball no local data for @vitest/mocker@https://registry.npmjs.org/@vitest/mocker/-/mocker-3.2.4.tgz. Extracting by manifest.
1859 silly tarball no local data for @types/chai@https://registry.npmjs.org/@types/chai/-/chai-5.2.3.tgz. Extracting by manifest.
1860 silly tarball no local data for @types/estree@https://registry.npmjs.org/@types/estree/-/estree-1.0.8.tgz. Extracting by manifest.
1861 silly tarball no local data for @rollup/rollup-linux-x64-gnu@https://registry.npmjs.org/@rollup/rollup-linux-x64-gnu/-/rollup-linux-x64-gnu-4.59.0.tgz. Extracting by manifest.
1862 silly tarball no local data for @esbuild/linux-x64@https://registry.npmjs.org/@esbuild/linux-x64/-/linux-x64-0.27.3.tgz. Extracting by manifest.
1863 silly tarball no local data for tinyglobby@https://registry.npmjs.org/tinyglobby/-/tinyglobby-0.2.15.tgz. Extracting by manifest.
1864 silly tarball no local data for rollup@https://registry.npmjs.org/rollup/-/rollup-4.59.0.tgz. Extracting by manifest.
1865 silly tarball no local data for picomatch@https://registry.npmjs.org/picomatch/-/picomatch-4.0.3.tgz. Extracting by manifest.
1866 silly tarball no local data for @vitest/spy@https://registry.npmjs.org/@vitest/spy/-/spy-3.2.4.tgz. Extracting by manifest.
1867 silly tarball no local data for fdir@https://registry.npmjs.org/fdir/-/fdir-6.5.0.tgz. Extracting by manifest.
1868 silly tarball no local data for esbuild@https://registry.npmjs.org/esbuild/-/esbuild-0.27.3.tgz. Extracting by manifest.
1869 silly tarball no local data for escalade@https://registry.npmjs.org/escalade/-/escalade-3.2.0.tgz. Extracting by manifest.
1870 silly tarball no local data for tldts-core@https://registry.npmjs.org/tldts-core/-/tldts-core-6.1.86.tgz. Extracting by manifest.
1871 silly tarball no local data for tldts@https://registry.npmjs.org/tldts/-/tldts-6.1.86.tgz. Extracting by manifest.
1872 silly tarball no local data for client-only@https://registry.npmjs.org/client-only/-/client-only-0.0.1.tgz. Extracting by manifest.
1873 silly tarball no local data for @emnapi/runtime@https://registry.npmjs.org/@emnapi/runtime/-/runtime-1.8.1.tgz. Extracting by manifest.
1874 silly tarball no local data for @img/colour@https://registry.npmjs.org/@img/colour/-/colour-1.0.0.tgz. Extracting by manifest.
1875 silly tarball no local data for @img/sharp-linux-x64@https://registry.npmjs.org/@img/sharp-linux-x64/-/sharp-linux-x64-0.34.5.tgz. Extracting by manifest.
1876 silly tarball no local data for xmlchars@https://registry.npmjs.org/xmlchars/-/xmlchars-2.2.0.tgz. Extracting by manifest.
1877 silly tarball no local data for scheduler@https://registry.npmjs.org/scheduler/-/scheduler-0.27.0.tgz. Extracting by manifest.
1878 silly tarball no local data for react-is@https://registry.npmjs.org/react-is/-/react-is-17.0.2.tgz. Extracting by manifest.
1879 silly tarball no local data for ansi-styles@https://registry.npmjs.org/ansi-styles/-/ansi-styles-5.2.0.tgz. Extracting by manifest.
1880 silly tarball no local data for nanoid@https://registry.npmjs.org/nanoid/-/nanoid-3.3.11.tgz. Extracting by manifest.
1881 silly tarball no local data for entities@https://registry.npmjs.org/entities/-/entities-6.0.1.tgz. Extracting by manifest.
1882 silly tarball no local data for streamsearch@https://registry.npmjs.org/streamsearch/-/streamsearch-1.1.0.tgz. Extracting by manifest.
1883 silly tarball no local data for tslib@https://registry.npmjs.org/tslib/-/tslib-2.8.1.tgz. Extracting by manifest.
1884 silly tarball no local data for styled-jsx@https://registry.npmjs.org/styled-jsx/-/styled-jsx-5.1.6.tgz. Extracting by manifest.
1885 silly tarball no local data for sharp@https://registry.npmjs.org/sharp/-/sharp-0.34.5.tgz. Extracting by manifest.
1886 silly tarball no local data for busboy@https://registry.npmjs.org/busboy/-/busboy-1.6.0.tgz. Extracting by manifest.
1887 silly tarball no local data for @swc/helpers@https://registry.npmjs.org/@swc/helpers/-/helpers-0.5.15.tgz. Extracting by manifest.
1888 silly tarball no local data for @swc/counter@https://registry.npmjs.org/@swc/counter/-/counter-0.1.3.tgz. Extracting by manifest.
1889 silly tarball no local data for @next/swc-linux-x64-gnu@https://registry.npmjs.org/@next/swc-linux-x64-gnu/-/swc-linux-x64-gnu-15.3.3.tgz. Extracting by manifest.
1890 silly tarball no local data for @next/env@https://registry.npmjs.org/@next/env/-/env-15.3.3.tgz. Extracting by manifest.
1891 silly tarball no local data for yallist@https://registry.npmjs.org/yallist/-/yallist-3.1.1.tgz. Extracting by manifest.
1892 silly tarball no local data for lightningcss-linux-x64-gnu@https://registry.npmjs.org/lightningcss-linux-x64-gnu/-/lightningcss-linux-x64-gnu-1.31.1.tgz. Extracting by manifest.
1893 silly tarball no local data for detect-libc@https://registry.npmjs.org/detect-libc/-/detect-libc-2.1.2.tgz. Extracting by manifest.
1894 silly tarball no local data for agent-base@https://registry.npmjs.org/agent-base/-/agent-base-7.1.4.tgz. Extracting by manifest.
1895 silly tarball no local data for @csstools/color-helpers@https://registry.npmjs.org/@csstools/color-helpers/-/color-helpers-5.1.0.tgz. Extracting by manifest.
1896 silly tarball no local data for @csstools/css-color-parser@https://registry.npmjs.org/@csstools/css-color-parser/-/css-color-parser-3.1.0.tgz. Extracting by manifest.
1897 silly tarball no local data for @csstools/css-parser-algorithms@https://registry.npmjs.org/@csstools/css-parser-algorithms/-/css-parser-algorithms-3.0.5.tgz. Extracting by manifest.
1898 silly tarball no local data for @csstools/css-tokenizer@https://registry.npmjs.org/@csstools/css-tokenizer/-/css-tokenizer-3.0.4.tgz. Extracting by manifest.
1899 silly tarball no local data for @csstools/css-calc@https://registry.npmjs.org/@csstools/css-calc/-/css-calc-2.1.4.tgz. Extracting by manifest.
1900 silly tarball no local data for @asamuzakjp/css-color@https://registry.npmjs.org/@asamuzakjp/css-color/-/css-color-3.2.0.tgz. Extracting by manifest.
1901 silly tarball no local data for xml-name-validator@https://registry.npmjs.org/xml-name-validator/-/xml-name-validator-5.0.0.tgz. Extracting by manifest.
1902 silly tarball no local data for ws@https://registry.npmjs.org/ws/-/ws-8.19.0.tgz. Extracting by manifest.
1903 silly tarball no local data for whatwg-url@https://registry.npmjs.org/whatwg-url/-/whatwg-url-14.2.0.tgz. Extracting by manifest.
1904 silly tarball no local data for whatwg-mimetype@https://registry.npmjs.org/whatwg-mimetype/-/whatwg-mimetype-4.0.0.tgz. Extracting by manifest.
1905 silly tarball no local data for whatwg-encoding@https://registry.npmjs.org/whatwg-encoding/-/whatwg-encoding-3.1.1.tgz. Extracting by manifest.
1906 silly tarball no local data for webidl-conversions@https://registry.npmjs.org/webidl-conversions/-/webidl-conversions-7.0.0.tgz. Extracting by manifest.
1907 silly tarball no local data for w3c-xmlserializer@https://registry.npmjs.org/w3c-xmlserializer/-/w3c-xmlserializer-5.0.0.tgz. Extracting by manifest.
1908 silly tarball no local data for tough-cookie@https://registry.npmjs.org/tough-cookie/-/tough-cookie-5.1.2.tgz. Extracting by manifest.
1909 silly tarball no local data for symbol-tree@https://registry.npmjs.org/symbol-tree/-/symbol-tree-3.2.4.tgz. Extracting by manifest.
1910 silly tarball no local data for @img/sharp-libvips-linux-x64@https://registry.npmjs.org/@img/sharp-libvips-linux-x64/-/sharp-libvips-linux-x64-1.2.4.tgz. Extracting by manifest.
1911 silly tarball no local data for saxes@https://registry.npmjs.org/saxes/-/saxes-6.0.0.tgz. Extracting by manifest.
1912 silly tarball no local data for rrweb-cssom@https://registry.npmjs.org/rrweb-cssom/-/rrweb-cssom-0.8.0.tgz. Extracting by manifest.
1913 silly tarball no local data for parse5@https://registry.npmjs.org/parse5/-/parse5-7.3.0.tgz. Extracting by manifest.
1914 silly tarball no local data for nwsapi@https://registry.npmjs.org/nwsapi/-/nwsapi-2.2.23.tgz. Extracting by manifest.
1915 silly tarball no local data for is-potential-custom-element-name@https://registry.npmjs.org/is-potential-custom-element-name/-/is-potential-custom-element-name-1.0.1.tgz. Extracting by manifest.
1916 silly tarball no local data for https-proxy-agent@https://registry.npmjs.org/https-proxy-agent/-/https-proxy-agent-7.0.6.tgz. Extracting by manifest.
1917 silly tarball no local data for http-proxy-agent@https://registry.npmjs.org/http-proxy-agent/-/http-proxy-agent-7.0.2.tgz. Extracting by manifest.
1918 silly tarball no local data for html-encoding-sniffer@https://registry.npmjs.org/html-encoding-sniffer/-/html-encoding-sniffer-4.0.0.tgz. Extracting by manifest.
1919 silly tarball no local data for decimal.js@https://registry.npmjs.org/decimal.js/-/decimal.js-10.6.0.tgz. Extracting by manifest.
1920 silly tarball no local data for data-urls@https://registry.npmjs.org/data-urls/-/data-urls-5.0.0.tgz. Extracting by manifest.
1921 silly tarball no local data for cssstyle@https://registry.npmjs.org/cssstyle/-/cssstyle-4.6.0.tgz. Extracting by manifest.
1922 silly tarball no local data for tapable@https://registry.npmjs.org/tapable/-/tapable-2.3.0.tgz. Extracting by manifest.
1923 silly tarball no local data for graceful-fs@https://registry.npmjs.org/graceful-fs/-/graceful-fs-4.2.11.tgz. Extracting by manifest.
1924 silly tarball no local data for ms@https://registry.npmjs.org/ms/-/ms-2.1.3.tgz. Extracting by manifest.
1925 silly tarball no local data for update-browserslist-db@https://registry.npmjs.org/update-browserslist-db/-/update-browserslist-db-1.2.3.tgz. Extracting by manifest.
1926 silly tarball no local data for node-releases@https://registry.npmjs.org/node-releases/-/node-releases-2.0.27.tgz. Extracting by manifest.
1927 silly tarball no local data for electron-to-chromium@https://registry.npmjs.org/electron-to-chromium/-/electron-to-chromium-1.5.302.tgz. Extracting by manifest.
1928 silly tarball no local data for caniuse-lite@https://registry.npmjs.org/caniuse-lite/-/caniuse-lite-1.0.30001774.tgz. Extracting by manifest.
1929 silly tarball no local data for baseline-browser-mapping@https://registry.npmjs.org/baseline-browser-mapping/-/baseline-browser-mapping-2.10.0.tgz. Extracting by manifest.
1930 silly tarball no local data for dequal@https://registry.npmjs.org/dequal/-/dequal-2.0.3.tgz. Extracting by manifest.
1931 silly tarball no local data for @types/babel__template@https://registry.npmjs.org/@types/babel__template/-/babel__template-7.4.4.tgz. Extracting by manifest.
1932 silly tarball no local data for @types/babel__generator@https://registry.npmjs.org/@types/babel__generator/-/babel__generator-7.27.0.tgz. Extracting by manifest.
1933 silly tarball no local data for @babel/helper-string-parser@https://registry.npmjs.org/@babel/helper-string-parser/-/helper-string-parser-7.27.1.tgz. Extracting by manifest.
1934 silly tarball no local data for @babel/helper-globals@https://registry.npmjs.org/@babel/helper-globals/-/helper-globals-7.28.0.tgz. Extracting by manifest.
1935 silly tarball no local data for @babel/helper-plugin-utils@https://registry.npmjs.org/@babel/helper-plugin-utils/-/helper-plugin-utils-7.28.6.tgz. Extracting by manifest.
1936 silly tarball no local data for @babel/helper-module-imports@https://registry.npmjs.org/@babel/helper-module-imports/-/helper-module-imports-7.28.6.tgz. Extracting by manifest.
1937 silly tarball no local data for lru-cache@https://registry.npmjs.org/lru-cache/-/lru-cache-5.1.1.tgz. Extracting by manifest.
1938 silly tarball no local data for @types/babel__traverse@https://registry.npmjs.org/@types/babel__traverse/-/babel__traverse-7.28.0.tgz. Extracting by manifest.
1939 silly tarball no local data for browserslist@https://registry.npmjs.org/browserslist/-/browserslist-4.28.1.tgz. Extracting by manifest.
1940 silly tarball no local data for @babel/helper-validator-option@https://registry.npmjs.org/@babel/helper-validator-option/-/helper-validator-option-7.27.1.tgz. Extracting by manifest.
1941 silly tarball no local data for @babel/compat-data@https://registry.npmjs.org/@babel/compat-data/-/compat-data-7.29.0.tgz. Extracting by manifest.
1942 silly tarball no local data for jsesc@https://registry.npmjs.org/jsesc/-/jsesc-3.1.0.tgz. Extracting by manifest.
1943 silly tarball no local data for semver@https://registry.npmjs.org/semver/-/semver-6.3.1.tgz. Extracting by manifest.
1944 silly tarball no local data for json5@https://registry.npmjs.org/json5/-/json5-2.2.3.tgz. Extracting by manifest.
1945 silly tarball no local data for gensync@https://registry.npmjs.org/gensync/-/gensync-1.0.0-beta.2.tgz. Extracting by manifest.
1946 silly tarball no local data for debug@https://registry.npmjs.org/debug/-/debug-4.4.3.tgz. Extracting by manifest.
1947 silly tarball no local data for convert-source-map@https://registry.npmjs.org/convert-source-map/-/convert-source-map-2.0.0.tgz. Extracting by manifest.
1948 silly tarball no local data for @babel/types@https://registry.npmjs.org/@babel/types/-/types-7.29.0.tgz. Extracting by manifest.
1949 silly tarball no local data for @babel/traverse@https://registry.npmjs.org/@babel/traverse/-/traverse-7.29.0.tgz. Extracting by manifest.
1950 silly tarball no local data for @babel/template@https://registry.npmjs.org/@babel/template/-/template-7.28.6.tgz. Extracting by manifest.
1951 silly tarball no local data for @babel/parser@https://registry.npmjs.org/@babel/parser/-/parser-7.29.0.tgz. Extracting by manifest.
1952 silly tarball no local data for @babel/helpers@https://registry.npmjs.org/@babel/helpers/-/helpers-7.28.6.tgz. Extracting by manifest.
1953 silly tarball no local data for @babel/helper-module-transforms@https://registry.npmjs.org/@babel/helper-module-transforms/-/helper-module-transforms-7.28.6.tgz. Extracting by manifest.
1954 silly tarball no local data for @babel/helper-compilation-targets@https://registry.npmjs.org/@babel/helper-compilation-targets/-/helper-compilation-targets-7.28.6.tgz. Extracting by manifest.
1955 silly tarball no local data for @babel/generator@https://registry.npmjs.org/@babel/generator/-/generator-7.29.1.tgz. Extracting by manifest.
1956 silly tarball no local data for react-refresh@https://registry.npmjs.org/react-refresh/-/react-refresh-0.17.0.tgz. Extracting by manifest.
1957 silly tarball no local data for @types/babel__core@https://registry.npmjs.org/@types/babel__core/-/babel__core-7.20.5.tgz. Extracting by manifest.
1958 silly tarball no local data for @rolldown/pluginutils@https://registry.npmjs.org/@rolldown/pluginutils/-/pluginutils-1.0.0-beta.27.tgz. Extracting by manifest.
1959 silly tarball no local data for @babel/plugin-transform-react-jsx-source@https://registry.npmjs.org/@babel/plugin-transform-react-jsx-source/-/plugin-transform-react-jsx-source-7.27.1.tgz. Extracting by manifest.
1960 silly tarball no local data for @babel/plugin-transform-react-jsx-self@https://registry.npmjs.org/@babel/plugin-transform-react-jsx-self/-/plugin-transform-react-jsx-self-7.27.1.tgz. Extracting by manifest.
1961 silly tarball no local data for @babel/core@https://registry.npmjs.org/@babel/core/-/core-7.29.0.tgz. Extracting by manifest.
1962 silly tarball no local data for csstype@https://registry.npmjs.org/csstype/-/csstype-3.2.3.tgz. Extracting by manifest.
1963 silly tarball no local data for undici-types@https://registry.npmjs.org/undici-types/-/undici-types-6.21.0.tgz. Extracting by manifest.
1964 silly tarball no local data for js-tokens@https://registry.npmjs.org/js-tokens/-/js-tokens-4.0.0.tgz. Extracting by manifest.
1965 silly tarball no local data for @babel/helper-validator-identifier@https://registry.npmjs.org/@babel/helper-validator-identifier/-/helper-validator-identifier-7.28.5.tgz. Extracting by manifest.
1966 silly tarball no local data for pretty-format@https://registry.npmjs.org/pretty-format/-/pretty-format-27.5.1.tgz. Extracting by manifest.
1967 silly tarball no local data for lz-string@https://registry.npmjs.org/lz-string/-/lz-string-1.5.0.tgz. Extracting by manifest.
1968 silly tarball no local data for dom-accessibility-api@https://registry.npmjs.org/dom-accessibility-api/-/dom-accessibility-api-0.5.16.tgz. Extracting by manifest.
1969 silly tarball no local data for picocolors@https://registry.npmjs.org/picocolors/-/picocolors-1.1.1.tgz. Extracting by manifest.
1970 silly tarball no local data for aria-query@https://registry.npmjs.org/aria-query/-/aria-query-5.3.0.tgz. Extracting by manifest.
1971 silly tarball no local data for @types/aria-query@https://registry.npmjs.org/@types/aria-query/-/aria-query-5.0.4.tgz. Extracting by manifest.
1972 silly tarball no local data for @babel/runtime@https://registry.npmjs.org/@babel/runtime/-/runtime-7.28.6.tgz. Extracting by manifest.
1973 silly tarball no local data for @babel/code-frame@https://registry.npmjs.org/@babel/code-frame/-/code-frame-7.29.0.tgz. Extracting by manifest.
1974 silly tarball no local data for @jridgewell/resolve-uri@https://registry.npmjs.org/@jridgewell/resolve-uri/-/resolve-uri-3.1.2.tgz. Extracting by manifest.
1975 silly tarball no local data for @jridgewell/sourcemap-codec@https://registry.npmjs.org/@jridgewell/sourcemap-codec/-/sourcemap-codec-1.5.5.tgz. Extracting by manifest.
1976 silly tarball no local data for @jridgewell/trace-mapping@https://registry.npmjs.org/@jridgewell/trace-mapping/-/trace-mapping-0.3.31.tgz. Extracting by manifest.
1977 silly tarball no local data for @jridgewell/gen-mapping@https://registry.npmjs.org/@jridgewell/gen-mapping/-/gen-mapping-0.3.13.tgz. Extracting by manifest.
1978 silly tarball no local data for source-map-js@https://registry.npmjs.org/source-map-js/-/source-map-js-1.2.1.tgz. Extracting by manifest.
1979 silly tarball no local data for magic-string@https://registry.npmjs.org/magic-string/-/magic-string-0.30.21.tgz. Extracting by manifest.
1980 silly tarball no local data for lightningcss@https://registry.npmjs.org/lightningcss/-/lightningcss-1.31.1.tgz. Extracting by manifest.
1981 silly tarball no local data for jiti@https://registry.npmjs.org/jiti/-/jiti-2.6.1.tgz. Extracting by manifest.
1982 silly tarball no local data for enhanced-resolve@https://registry.npmjs.org/enhanced-resolve/-/enhanced-resolve-5.19.0.tgz. Extracting by manifest.
1983 silly tarball no local data for @jridgewell/remapping@https://registry.npmjs.org/@jridgewell/remapping/-/remapping-2.3.5.tgz. Extracting by manifest.
1984 silly tarball no local data for postcss@https://registry.npmjs.org/postcss/-/postcss-8.5.6.tgz. Extracting by manifest.
1985 silly tarball no local data for @tailwindcss/oxide@https://registry.npmjs.org/@tailwindcss/oxide/-/oxide-4.2.0.tgz. Extracting by manifest.
1986 silly tarball no local data for @tailwindcss/node@https://registry.npmjs.org/@tailwindcss/node/-/node-4.2.0.tgz. Extracting by manifest.
1987 silly tarball no local data for @alloc/quick-lru@https://registry.npmjs.org/@alloc/quick-lru/-/quick-lru-5.2.0.tgz. Extracting by manifest.
1988 silly tarball no local data for vitest@https://registry.npmjs.org/vitest/-/vitest-3.2.4.tgz. Extracting by manifest.
1989 silly tarball no local data for typescript@https://registry.npmjs.org/typescript/-/typescript-5.9.3.tgz. Extracting by manifest.
1990 silly tarball no local data for tailwindcss@https://registry.npmjs.org/tailwindcss/-/tailwindcss-4.2.0.tgz. Extracting by manifest.
1991 silly tarball no local data for next@https://registry.npmjs.org/next/-/next-15.3.3.tgz. Extracting by manifest.
1992 silly tarball no local data for jsdom@https://registry.npmjs.org/jsdom/-/jsdom-26.1.0.tgz. Extracting by manifest.
1993 silly tarball no local data for vite@https://registry.npmjs.org/vite/-/vite-7.3.1.tgz. Extracting by manifest.
1994 silly tarball no local data for @vitejs/plugin-react@https://registry.npmjs.org/@vitejs/plugin-react/-/plugin-react-4.7.0.tgz. Extracting by manifest.
1995 silly tarball no local data for @types/react-dom@https://registry.npmjs.org/@types/react-dom/-/react-dom-19.2.3.tgz. Extracting by manifest.
1996 silly tarball no local data for @types/react@https://registry.npmjs.org/@types/react/-/react-19.2.14.tgz. Extracting by manifest.
1997 silly tarball no local data for @types/node@https://registry.npmjs.org/@types/node/-/node-22.19.11.tgz. Extracting by manifest.
1998 silly tarball no local data for react-dom@https://registry.npmjs.org/react-dom/-/react-dom-19.2.4.tgz. Extracting by manifest.
1999 silly tarball no local data for @testing-library/dom@https://registry.npmjs.org/@testing-library/dom/-/dom-10.4.1.tgz. Extracting by manifest.
2000 silly tarball no local data for @testing-library/react@https://registry.npmjs.org/@testing-library/react/-/react-16.3.2.tgz. Extracting by manifest.
2001 silly tarball no local data for react@https://registry.npmjs.org/react/-/react-19.2.4.tgz. Extracting by manifest.
2002 silly tarball no local data for @tailwindcss/postcss@https://registry.npmjs.org/@tailwindcss/postcss/-/postcss-4.2.0.tgz. Extracting by manifest.
2003 silly tarball no local data for js-tokens@https://registry.npmjs.org/js-tokens/-/js-tokens-9.0.1.tgz. Extracting by manifest.
2004 silly tarball no local data for semver@https://registry.npmjs.org/semver/-/semver-7.7.4.tgz. Extracting by manifest.
2005 silly tarball no local data for lru-cache@https://registry.npmjs.org/lru-cache/-/lru-cache-10.4.3.tgz. Extracting by manifest.
2006 silly tarball no local data for postcss@https://registry.npmjs.org/postcss/-/postcss-8.4.31.tgz. Extracting by manifest.
2007 silly tarball no local data for @tailwindcss/oxide-linux-x64-gnu@https://registry.npmjs.org/@tailwindcss/oxide-linux-x64-gnu/-/oxide-linux-x64-gnu-4.2.0.tgz. Extracting by manifest.
2008 silly tarball no local data for ansi-regex@https://registry.npmjs.org/ansi-regex/-/ansi-regex-5.0.1.tgz. Extracting by manifest.
2009 http fetch POST 200 https://registry.npmjs.org/-/npm/v1/security/advisories/bulk 781ms
2010 silly audit report {
2010 silly audit report   next: [
2010 silly audit report     {
2010 silly audit report       id: 1111370,
2010 silly audit report       url: 'https://github.com/advisories/GHSA-9qr9-h5gf-34mp',
2010 silly audit report       title: 'Next.js is vulnerable to RCE in React flight protocol',
2010 silly audit report       severity: 'critical',
2010 silly audit report       vulnerable_versions: '>=15.3.0-canary.0 <15.3.6',
2010 silly audit report       cwe: [Array],
2010 silly audit report       cvss: [Object]
2010 silly audit report     },
2010 silly audit report     {
2010 silly audit report       id: 1111378,
2010 silly audit report       url: 'https://github.com/advisories/GHSA-w37m-7fhw-fmv9',
2010 silly audit report       title: 'Next Server Actions Source Code Exposure ',
2010 silly audit report       severity: 'moderate',
2010 silly audit report       vulnerable_versions: '>=15.3.0-canary.0 <15.3.7',
2010 silly audit report       cwe: [Array],
2010 silly audit report       cvss: [Object]
2010 silly audit report     },
2010 silly audit report     {
2010 silly audit report       id: 1111387,
2010 silly audit report       url: 'https://github.com/advisories/GHSA-mwv6-3258-q52c',
2010 silly audit report       title: 'Next Vulnerable to Denial of Service with Server Components',
2010 silly audit report       severity: 'high',
2010 silly audit report       vulnerable_versions: '>=15.3.0-canary.0 <15.3.7',
2010 silly audit report       cwe: [Array],
2010 silly audit report       cvss: [Object]
2010 silly audit report     },
2010 silly audit report     {
2010 silly audit report       id: 1107228,
2010 silly audit report       url: 'https://github.com/advisories/GHSA-g5qg-72qw-gw5v',
2010 silly audit report       title: 'Next.js Affected by Cache Key Confusion for Image Optimization API Routes',
2010 silly audit report       severity: 'moderate',
2010 silly audit report       vulnerable_versions: '>=15.0.0 <=15.4.4',
2010 silly audit report       cwe: [Array],
2010 silly audit report       cvss: [Object]
2010 silly audit report     },
2010 silly audit report     {
2010 silly audit report       id: 1107514,
2010 silly audit report       url: 'https://github.com/advisories/GHSA-xv57-4mr9-wg8v',
2010 silly audit report       title: 'Next.js Content Injection Vulnerability for Image Optimization',
2010 silly audit report       severity: 'moderate',
2010 silly audit report       vulnerable_versions: '>=15.0.0 <=15.4.4',
2010 silly audit report       cwe: [Array],
2010 silly audit report       cvss: [Object]
2010 silly audit report     },
2010 silly audit report     {
2010 silly audit report       id: 1107515,
2010 silly audit report       url: 'https://github.com/advisories/GHSA-4342-x723-ch2f',
2010 silly audit report       title: 'Next.js Improper Middleware Redirect Handling Leads to SSRF',
2010 silly audit report       severity: 'moderate',
2010 silly audit report       vulnerable_versions: '>=15.0.0-canary.0 <15.4.7',
2010 silly audit report       cwe: [Array],
2010 silly audit report       cvss: [Object]
2010 silly audit report     },
2010 silly audit report     {
2010 silly audit report       id: 1112593,
2010 silly audit report       url: 'https://github.com/advisories/GHSA-9g9p-9gw9-jx7f',
2010 silly audit report       title: 'Next.js self-hosted applications vulnerable to DoS via Image Optimizer remotePatterns configuration',
2010 silly audit report       severity: 'moderate',
2010 silly audit report       vulnerable_versions: '>=10.0.0 <15.5.10',
2010 silly audit report       cwe: [Array],
2010 silly audit report       cvss: [Object]
2010 silly audit report     },
2010 silly audit report     {
2010 silly audit report       id: 1112650,
2010 silly audit report       url: 'https://github.com/advisories/GHSA-h25m-26qc-wcjf',
2010 silly audit report       title: 'Next.js HTTP request deserialization can lead to DoS when using insecure React Server Components',
2010 silly audit report       severity: 'high',
2010 silly audit report       vulnerable_versions: '>=15.3.0-canary.0 <15.3.9',
2010 silly audit report       cwe: [Array],
2010 silly audit report       cvss: [Object]
2010 silly audit report     }
2010 silly audit report   ]
2010 silly audit report }
2011 silly packumentCache corgi:https://registry.npmjs.org/next cache-miss
2012 http fetch GET 200 https://registry.npmjs.org/estree-walker/-/estree-walker-3.0.3.tgz 283ms (cache miss)
2013 http fetch GET 200 https://registry.npmjs.org/assertion-error/-/assertion-error-2.0.1.tgz 287ms (cache miss)
2014 http fetch GET 200 https://registry.npmjs.org/siginfo/-/siginfo-2.0.0.tgz 302ms (cache miss)
2015 http fetch GET 200 https://registry.npmjs.org/deep-eql/-/deep-eql-5.0.2.tgz 296ms (cache miss)
2016 http fetch GET 200 https://registry.npmjs.org/stackback/-/stackback-0.0.2.tgz 356ms (cache miss)
2017 http fetch GET 200 https://registry.npmjs.org/tinyrainbow/-/tinyrainbow-2.0.0.tgz 375ms (cache miss)
2018 http fetch GET 200 https://registry.npmjs.org/@types/deep-eql/-/deep-eql-4.0.2.tgz 429ms (cache miss)
2019 http fetch GET 200 https://registry.npmjs.org/strip-literal/-/strip-literal-3.1.0.tgz 447ms (cache miss)
2020 http fetch GET 200 https://registry.npmjs.org/why-is-node-running/-/why-is-node-running-2.3.0.tgz 472ms (cache miss)
2021 http fetch GET 200 https://registry.npmjs.org/check-error/-/check-error-2.1.3.tgz 479ms (cache miss)
2022 http fetch GET 200 https://registry.npmjs.org/pathval/-/pathval-2.0.1.tgz 509ms (cache miss)
2023 http fetch GET 200 https://registry.npmjs.org/safer-buffer/-/safer-buffer-2.1.2.tgz 523ms (cache miss)
2024 http fetch GET 200 https://registry.npmjs.org/punycode/-/punycode-2.3.1.tgz 530ms (cache miss)
2025 http fetch GET 200 https://registry.npmjs.org/pathe/-/pathe-2.0.3.tgz 561ms (cache miss)
2026 http fetch GET 200 https://registry.npmjs.org/tinyspy/-/tinyspy-4.0.4.tgz 576ms (cache miss)
2027 http fetch GET 200 https://registry.npmjs.org/std-env/-/std-env-3.10.0.tgz 582ms (cache miss)
2028 http fetch GET 200 https://registry.npmjs.org/@types/chai/-/chai-5.2.3.tgz 591ms (cache miss)
2029 http fetch GET 200 https://registry.npmjs.org/tinypool/-/tinypool-1.1.1.tgz 618ms (cache miss)
2030 http fetch GET 200 https://registry.npmjs.org/tinyglobby/-/tinyglobby-0.2.15.tgz 615ms (cache miss)
2031 http fetch GET 200 https://registry.npmjs.org/tinyexec/-/tinyexec-0.3.2.tgz 658ms (cache miss)
2032 http fetch GET 200 https://registry.npmjs.org/escalade/-/escalade-3.2.0.tgz 663ms (cache miss)
2033 http fetch GET 200 https://registry.npmjs.org/client-only/-/client-only-0.0.1.tgz 663ms (cache miss)
2034 http fetch GET 200 https://registry.npmjs.org/tinybench/-/tinybench-2.9.0.tgz 709ms (cache miss)
2035 http fetch GET 200 https://registry.npmjs.org/react-is/-/react-is-17.0.2.tgz 692ms (cache miss)
2036 http fetch GET 200 https://registry.npmjs.org/@img/colour/-/colour-1.0.0.tgz 732ms (cache miss)
2037 http fetch GET 200 https://registry.npmjs.org/@swc/counter/-/counter-0.1.3.tgz 794ms (cache miss)
2038 http fetch GET 200 https://registry.npmjs.org/@vitest/pretty-format/-/pretty-format-3.2.4.tgz 854ms (cache miss)
2039 http fetch GET 200 https://registry.npmjs.org/@types/estree/-/estree-1.0.8.tgz 855ms (cache miss)
2040 http fetch GET 200 https://registry.npmjs.org/fdir/-/fdir-6.5.0.tgz 875ms (cache miss)
2041 http fetch GET 200 https://registry.npmjs.org/ansi-styles/-/ansi-styles-5.2.0.tgz 864ms (cache miss)
2042 http fetch GET 200 https://registry.npmjs.org/agent-base/-/agent-base-7.1.4.tgz 885ms (cache miss)
2043 http fetch GET 200 https://registry.npmjs.org/cac/-/cac-6.7.14.tgz 952ms (cache miss)
2044 http fetch GET 200 https://registry.npmjs.org/xml-name-validator/-/xml-name-validator-5.0.0.tgz 905ms (cache miss)
2045 http fetch GET 200 https://registry.npmjs.org/yallist/-/yallist-3.1.1.tgz 919ms (cache miss)
2046 http fetch GET 200 https://registry.npmjs.org/@csstools/color-helpers/-/color-helpers-5.1.0.tgz 937ms (cache miss)
2047 http fetch GET 200 https://registry.npmjs.org/@csstools/css-tokenizer/-/css-tokenizer-3.0.4.tgz 936ms (cache miss)
2048 http fetch GET 200 https://registry.npmjs.org/webidl-conversions/-/webidl-conversions-7.0.0.tgz 1000ms (cache miss)
2049 http fetch GET 200 https://registry.npmjs.org/@csstools/css-parser-algorithms/-/css-parser-algorithms-3.0.5.tgz 1006ms (cache miss)
2050 http fetch GET 200 https://registry.npmjs.org/streamsearch/-/streamsearch-1.1.0.tgz 1024ms (cache miss)
2051 http fetch GET 200 https://registry.npmjs.org/symbol-tree/-/symbol-tree-3.2.4.tgz 1049ms (cache miss)
2052 http fetch GET 200 https://registry.npmjs.org/whatwg-encoding/-/whatwg-encoding-3.1.1.tgz 1053ms (cache miss)
2053 warn deprecated whatwg-encoding@3.1.1: Use @exodus/bytes instead for a more spec-conformant and faster implementation
2054 http fetch GET 200 https://registry.npmjs.org/http-proxy-agent/-/http-proxy-agent-7.0.2.tgz 1054ms (cache miss)
2055 http fetch GET 200 https://registry.npmjs.org/w3c-xmlserializer/-/w3c-xmlserializer-5.0.0.tgz 1098ms (cache miss)
2056 http fetch GET 200 https://registry.npmjs.org/esbuild/-/esbuild-0.27.3.tgz 1134ms (cache miss)
2057 http fetch GET 200 https://registry.npmjs.org/html-encoding-sniffer/-/html-encoding-sniffer-4.0.0.tgz 1098ms (cache miss)
2058 http fetch GET 200 https://registry.npmjs.org/data-urls/-/data-urls-5.0.0.tgz 1099ms (cache miss)
2059 http fetch GET 200 https://registry.npmjs.org/@vitest/snapshot/-/snapshot-3.2.4.tgz 1175ms (cache miss)
2060 http fetch GET 200 https://registry.npmjs.org/picomatch/-/picomatch-4.0.3.tgz 1171ms (cache miss)
2061 http fetch GET 200 https://registry.npmjs.org/detect-libc/-/detect-libc-2.1.2.tgz 1148ms (cache miss)
2062 http fetch GET 200 https://registry.npmjs.org/is-potential-custom-element-name/-/is-potential-custom-element-name-1.0.1.tgz 1136ms (cache miss)
2063 http fetch GET 200 https://registry.npmjs.org/nwsapi/-/nwsapi-2.2.23.tgz 1231ms (cache miss)
2064 http fetch GET 200 https://registry.npmjs.org/@next/env/-/env-15.3.3.tgz 1253ms (cache miss)
2065 http fetch GET 200 https://registry.npmjs.org/@csstools/css-calc/-/css-calc-2.1.4.tgz 1273ms (cache miss)
2066 http fetch GET 200 https://registry.npmjs.org/node-releases/-/node-releases-2.0.27.tgz 1264ms (cache miss)
2067 http fetch GET 200 https://registry.npmjs.org/@types/babel__generator/-/babel__generator-7.27.0.tgz 1254ms (cache miss)
2068 http fetch GET 200 https://registry.npmjs.org/@vitest/spy/-/spy-3.2.4.tgz 1310ms (cache miss)
2069 http fetch GET 200 https://registry.npmjs.org/ms/-/ms-2.1.3.tgz 1268ms (cache miss)
2070 http fetch GET 200 https://registry.npmjs.org/@vitest/expect/-/expect-3.2.4.tgz 1330ms (cache miss)
2071 http fetch GET 200 https://registry.npmjs.org/graceful-fs/-/graceful-fs-4.2.11.tgz 1288ms (cache miss)
2072 http fetch GET 200 https://registry.npmjs.org/es-module-lexer/-/es-module-lexer-1.7.0.tgz 1371ms (cache miss)
2073 http fetch GET 200 https://registry.npmjs.org/nanoid/-/nanoid-3.3.11.tgz 1343ms (cache miss)
2074 http fetch GET 200 https://registry.npmjs.org/update-browserslist-db/-/update-browserslist-db-1.2.3.tgz 1314ms (cache miss)
2075 http fetch GET 200 https://registry.npmjs.org/@csstools/css-color-parser/-/css-color-parser-3.1.0.tgz 1330ms (cache miss)
2076 http fetch GET 200 https://registry.npmjs.org/@types/babel__template/-/babel__template-7.4.4.tgz 1306ms (cache miss)
2077 http fetch GET 200 https://registry.npmjs.org/@babel/helper-module-imports/-/helper-module-imports-7.28.6.tgz 1303ms (cache miss)
2078 http fetch GET 200 https://registry.npmjs.org/@babel/helper-globals/-/helper-globals-7.28.0.tgz 1304ms (cache miss)
2079 http fetch GET 200 https://registry.npmjs.org/dequal/-/dequal-2.0.3.tgz 1307ms (cache miss)
2080 http fetch GET 200 https://registry.npmjs.org/@vitest/runner/-/runner-3.2.4.tgz 1378ms (cache miss)
2081 http fetch GET 200 https://registry.npmjs.org/lru-cache/-/lru-cache-5.1.1.tgz 1321ms (cache miss)
2082 http fetch GET 200 https://registry.npmjs.org/@types/babel__traverse/-/babel__traverse-7.28.0.tgz 1320ms (cache miss)
2083 http fetch GET 200 https://registry.npmjs.org/@babel/helper-plugin-utils/-/helper-plugin-utils-7.28.6.tgz 1322ms (cache miss)
2084 http fetch GET 200 https://registry.npmjs.org/@babel/helper-validator-option/-/helper-validator-option-7.27.1.tgz 1320ms (cache miss)
2085 http fetch GET 200 https://registry.npmjs.org/scheduler/-/scheduler-0.27.0.tgz 1387ms (cache miss)
2086 http fetch GET 200 https://registry.npmjs.org/jsesc/-/jsesc-3.1.0.tgz 1341ms (cache miss)
2087 http fetch GET 200 https://registry.npmjs.org/gensync/-/gensync-1.0.0-beta.2.tgz 1340ms (cache miss)
2088 http fetch GET 200 https://registry.npmjs.org/whatwg-mimetype/-/whatwg-mimetype-4.0.0.tgz 1377ms (cache miss)
2089 http fetch GET 200 https://registry.npmjs.org/debug/-/debug-4.4.3.tgz 1353ms (cache miss)
2090 http fetch GET 200 https://registry.npmjs.org/convert-source-map/-/convert-source-map-2.0.0.tgz 1353ms (cache miss)
2091 http fetch GET 200 https://registry.npmjs.org/browserslist/-/browserslist-4.28.1.tgz 1358ms (cache miss)
2092 http fetch GET 200 https://registry.npmjs.org/@rolldown/pluginutils/-/pluginutils-1.0.0-beta.27.tgz 1341ms (cache miss)
2093 http fetch GET 200 https://registry.npmjs.org/@babel/helper-string-parser/-/helper-string-parser-7.27.1.tgz 1362ms (cache miss)
2094 http fetch GET 200 https://registry.npmjs.org/@babel/plugin-transform-react-jsx-self/-/plugin-transform-react-jsx-self-7.27.1.tgz 1342ms (cache miss)
2095 http fetch GET 200 https://registry.npmjs.org/react-refresh/-/react-refresh-0.17.0.tgz 1360ms (cache miss)
2096 http fetch GET 200 https://registry.npmjs.org/@babel/plugin-transform-react-jsx-source/-/plugin-transform-react-jsx-source-7.27.1.tgz 1399ms (cache miss)
2097 http fetch GET 200 https://registry.npmjs.org/saxes/-/saxes-6.0.0.tgz 1464ms (cache miss)
2098 http fetch GET 200 https://registry.npmjs.org/js-tokens/-/js-tokens-4.0.0.tgz 1429ms (cache miss)
2099 http fetch GET 200 https://registry.npmjs.org/@babel/helper-validator-identifier/-/helper-validator-identifier-7.28.5.tgz 1463ms (cache miss)
2100 http fetch GET 200 https://registry.npmjs.org/@types/aria-query/-/aria-query-5.0.4.tgz 1460ms (cache miss)
2101 http fetch GET 200 https://registry.npmjs.org/picocolors/-/picocolors-1.1.1.tgz 1464ms (cache miss)
2102 http fetch GET 200 https://registry.npmjs.org/whatwg-url/-/whatwg-url-14.2.0.tgz 1517ms (cache miss)
2103 http fetch GET 200 https://registry.npmjs.org/@jridgewell/resolve-uri/-/resolve-uri-3.1.2.tgz 1476ms (cache miss)
2104 http fetch GET 200 https://registry.npmjs.org/@babel/compat-data/-/compat-data-7.29.0.tgz 1502ms (cache miss)
2105 http fetch GET 200 https://registry.npmjs.org/@babel/code-frame/-/code-frame-7.29.0.tgz 1484ms (cache miss)
2106 http fetch GET 200 https://registry.npmjs.org/decimal.js/-/decimal.js-10.6.0.tgz 1531ms (cache miss)
2107 http fetch GET 200 https://registry.npmjs.org/https-proxy-agent/-/https-proxy-agent-7.0.6.tgz 1533ms (cache miss)
2108 http fetch GET 200 https://registry.npmjs.org/@alloc/quick-lru/-/quick-lru-5.2.0.tgz 1488ms (cache miss)
2109 http fetch GET 200 https://registry.npmjs.org/expect-type/-/expect-type-1.3.0.tgz 1594ms (cache miss)
2110 http fetch GET 200 https://registry.npmjs.org/tapable/-/tapable-2.3.0.tgz 1546ms (cache miss)
2111 http fetch GET 200 https://registry.npmjs.org/semver/-/semver-6.3.1.tgz 1540ms (cache miss)
2112 http fetch GET 200 https://registry.npmjs.org/tslib/-/tslib-2.8.1.tgz 1594ms (cache miss)
2113 http fetch GET 200 https://registry.npmjs.org/xmlchars/-/xmlchars-2.2.0.tgz 1601ms (cache miss)
2114 http fetch GET 200 https://registry.npmjs.org/@vitejs/plugin-react/-/plugin-react-4.7.0.tgz 1516ms (cache miss)
2115 http fetch GET 200 https://registry.npmjs.org/electron-to-chromium/-/electron-to-chromium-1.5.302.tgz 1578ms (cache miss)
2116 http fetch GET 200 https://registry.npmjs.org/@tailwindcss/oxide/-/oxide-4.2.0.tgz 1538ms (cache miss)
2117 http fetch GET 200 https://registry.npmjs.org/ansi-regex/-/ansi-regex-5.0.1.tgz 1494ms (cache miss)
2118 http fetch GET 200 https://registry.npmjs.org/tr46/-/tr46-5.1.1.tgz 1656ms (cache miss)
2119 http fetch GET 200 https://registry.npmjs.org/busboy/-/busboy-1.6.0.tgz 1623ms (cache miss)
2120 http fetch GET 200 https://registry.npmjs.org/@tailwindcss/postcss/-/postcss-4.2.0.tgz 1544ms (cache miss)
2121 http fetch GET 200 https://registry.npmjs.org/@tailwindcss/node/-/node-4.2.0.tgz 1579ms (cache miss)
2122 http fetch GET 200 https://registry.npmjs.org/@babel/helper-compilation-targets/-/helper-compilation-targets-7.28.6.tgz 1612ms (cache miss)
2123 http fetch GET 200 https://registry.npmjs.org/@types/react-dom/-/react-dom-19.2.3.tgz 1576ms (cache miss)
2124 http fetch GET 200 https://registry.npmjs.org/js-tokens/-/js-tokens-9.0.1.tgz 1574ms (cache miss)
2125 http fetch GET 200 https://registry.npmjs.org/@babel/template/-/template-7.28.6.tgz 1626ms (cache miss)
2126 http fetch GET 200 https://registry.npmjs.org/@types/babel__core/-/babel__core-7.20.5.tgz 1618ms (cache miss)
2127 http fetch GET 200 https://registry.npmjs.org/@emnapi/runtime/-/runtime-1.8.1.tgz 1700ms (cache miss)
2128 http fetch GET 200 https://registry.npmjs.org/baseline-browser-mapping/-/baseline-browser-mapping-2.10.0.tgz 1661ms (cache miss)
2129 http fetch GET 200 https://registry.npmjs.org/@babel/helper-module-transforms/-/helper-module-transforms-7.28.6.tgz 1655ms (cache miss)
2130 http fetch GET 200 https://registry.npmjs.org/@vitest/utils/-/utils-3.2.4.tgz 1736ms (cache miss)
2131 http fetch GET 200 https://registry.npmjs.org/rrweb-cssom/-/rrweb-cssom-0.8.0.tgz 1694ms (cache miss)
2132 http fetch GET 200 https://registry.npmjs.org/ws/-/ws-8.19.0.tgz 1713ms (cache miss)
2133 http fetch GET 200 https://registry.npmjs.org/@vitest/mocker/-/mocker-3.2.4.tgz 1755ms (cache miss)
2134 http fetch GET 200 https://registry.npmjs.org/source-map-js/-/source-map-js-1.2.1.tgz 1671ms (cache miss)
2135 http fetch GET 200 https://registry.npmjs.org/json5/-/json5-2.2.3.tgz 1719ms (cache miss)
2136 http fetch GET 200 https://registry.npmjs.org/pretty-format/-/pretty-format-27.5.1.tgz 1701ms (cache miss)
2137 http fetch GET 200 https://registry.npmjs.org/@jridgewell/sourcemap-codec/-/sourcemap-codec-1.5.5.tgz 1762ms (cache miss)
2138 http fetch GET 200 https://registry.npmjs.org/loupe/-/loupe-3.2.1.tgz 1867ms (cache miss)
2139 http fetch GET 200 https://registry.npmjs.org/lz-string/-/lz-string-1.5.0.tgz 1778ms (cache miss)
2140 http fetch GET 200 https://registry.npmjs.org/magic-string/-/magic-string-0.30.21.tgz 1780ms (cache miss)
2141 http fetch GET 200 https://registry.npmjs.org/@jridgewell/remapping/-/remapping-2.3.5.tgz 1778ms (cache miss)
2142 http fetch GET 200 https://registry.npmjs.org/@img/sharp-linux-x64/-/sharp-linux-x64-0.34.5.tgz 1860ms (cache miss)
2143 http fetch GET 200 https://registry.npmjs.org/@jridgewell/gen-mapping/-/gen-mapping-0.3.13.tgz 1792ms (cache miss)
2144 http fetch GET 200 https://registry.npmjs.org/vite-node/-/vite-node-3.2.4.tgz 1897ms (cache miss)
2145 http fetch GET 200 https://registry.npmjs.org/undici-types/-/undici-types-6.21.0.tgz 1816ms (cache miss)
2146 http fetch GET 200 https://registry.npmjs.org/@types/react/-/react-19.2.14.tgz 1800ms (cache miss)
2147 http fetch GET 200 https://registry.npmjs.org/react/-/react-19.2.4.tgz 1813ms (cache miss)
2148 http fetch GET 200 https://registry.npmjs.org/lightningcss/-/lightningcss-1.31.1.tgz 1851ms (cache miss)
2149 http fetch GET 200 https://registry.npmjs.org/tough-cookie/-/tough-cookie-5.1.2.tgz 1917ms (cache miss)
2150 http fetch GET 200 https://registry.npmjs.org/iconv-lite/-/iconv-lite-0.6.3.tgz 1975ms (cache miss)
2151 http fetch GET 200 https://registry.npmjs.org/@testing-library/react/-/react-16.3.2.tgz 1861ms (cache miss)
2152 http fetch GET 200 https://registry.npmjs.org/@jridgewell/trace-mapping/-/trace-mapping-0.3.31.tgz 1884ms (cache miss)
2153 http fetch GET 200 https://registry.npmjs.org/sharp/-/sharp-0.34.5.tgz 1973ms (cache miss)
2154 http fetch GET 200 https://registry.npmjs.org/semver/-/semver-7.7.4.tgz 1916ms (cache miss)
2155 http fetch GET 200 https://registry.npmjs.org/chai/-/chai-5.3.3.tgz 2027ms (cache miss)
2156 http fetch GET 200 https://registry.npmjs.org/postcss/-/postcss-8.5.6.tgz 1957ms (cache miss)
2157 http fetch GET 200 https://registry.npmjs.org/csstype/-/csstype-3.2.3.tgz 1980ms (cache miss)
2158 http fetch GET 200 https://registry.npmjs.org/styled-jsx/-/styled-jsx-5.1.6.tgz 2045ms (cache miss)
2159 http fetch GET 200 https://registry.npmjs.org/dom-accessibility-api/-/dom-accessibility-api-0.5.16.tgz 1988ms (cache miss)
2160 http fetch GET 200 https://registry.npmjs.org/enhanced-resolve/-/enhanced-resolve-5.19.0.tgz 1984ms (cache miss)
2161 http fetch GET 200 https://registry.npmjs.org/postcss/-/postcss-8.4.31.tgz 1971ms (cache miss)
2162 http fetch GET 200 https://registry.npmjs.org/lru-cache/-/lru-cache-10.4.3.tgz 1987ms (cache miss)
2163 http fetch GET 200 https://registry.npmjs.org/cssstyle/-/cssstyle-4.6.0.tgz 2050ms (cache miss)
2164 http fetch GET 200 https://registry.npmjs.org/tailwindcss/-/tailwindcss-4.2.0.tgz 1996ms (cache miss)
2165 http fetch GET 200 https://registry.npmjs.org/@babel/generator/-/generator-7.29.1.tgz 2035ms (cache miss)
2166 http fetch GET 200 https://registry.npmjs.org/tldts-core/-/tldts-core-6.1.86.tgz 2101ms (cache miss)
2167 http fetch GET 200 https://registry.npmjs.org/jiti/-/jiti-2.6.1.tgz 2114ms (cache miss)
2168 http fetch GET 200 https://registry.npmjs.org/entities/-/entities-6.0.1.tgz 2185ms (cache miss)
2169 http fetch GET 200 https://registry.npmjs.org/@babel/traverse/-/traverse-7.29.0.tgz 2158ms (cache miss)
2170 http fetch GET 200 https://registry.npmjs.org/parse5/-/parse5-7.3.0.tgz 2197ms (cache miss)
2171 http fetch GET 200 https://registry.npmjs.org/@babel/parser/-/parser-7.29.0.tgz 2172ms (cache miss)
2172 http fetch GET 200 https://registry.npmjs.org/@rollup/rollup-linux-x64-gnu/-/rollup-linux-x64-gnu-4.59.0.tgz 2258ms (cache miss)
2173 http fetch GET 200 https://registry.npmjs.org/aria-query/-/aria-query-5.3.0.tgz 2262ms (cache miss)
2174 http fetch GET 200 https://registry.npmjs.org/rollup/-/rollup-4.59.0.tgz 2351ms (cache miss)
2175 http fetch GET 200 https://registry.npmjs.org/@asamuzakjp/css-color/-/css-color-3.2.0.tgz 2338ms (cache miss)
2176 http fetch GET 200 https://registry.npmjs.org/vitest/-/vitest-3.2.4.tgz 2279ms (cache miss)
2177 http fetch GET 200 https://registry.npmjs.org/vite/-/vite-7.3.1.tgz 2286ms (cache miss)
2178 http fetch GET 200 https://registry.npmjs.org/@babel/core/-/core-7.29.0.tgz 2312ms (cache miss)
2179 http fetch GET 200 https://registry.npmjs.org/@tailwindcss/oxide-linux-x64-gnu/-/oxide-linux-x64-gnu-4.2.0.tgz 2292ms (cache miss)
2180 http fetch GET 200 https://registry.npmjs.org/@testing-library/dom/-/dom-10.4.1.tgz 2296ms (cache miss)
2181 http fetch GET 200 https://registry.npmjs.org/tldts/-/tldts-6.1.86.tgz 2416ms (cache miss)
2182 http fetch GET 200 https://registry.npmjs.org/@types/node/-/node-22.19.11.tgz 2328ms (cache miss)
2183 http fetch GET 200 https://registry.npmjs.org/@babel/runtime/-/runtime-7.28.6.tgz 2371ms (cache miss)
2184 http fetch GET 200 https://registry.npmjs.org/@babel/helpers/-/helpers-7.28.6.tgz 2420ms (cache miss)
2185 http fetch GET 200 https://registry.npmjs.org/@babel/types/-/types-7.29.0.tgz 2517ms (cache miss)
2186 http fetch GET 200 https://registry.npmjs.org/react-dom/-/react-dom-19.2.4.tgz 2570ms (cache miss)
2187 http fetch GET 200 https://registry.npmjs.org/lightningcss-linux-x64-gnu/-/lightningcss-linux-x64-gnu-1.31.1.tgz 2789ms (cache miss)
2188 http fetch GET 200 https://registry.npmjs.org/@swc/helpers/-/helpers-0.5.15.tgz 2830ms (cache miss)
2189 http fetch GET 200 https://registry.npmjs.org/@esbuild/linux-x64/-/linux-x64-0.27.3.tgz 2925ms (cache miss)
2190 http fetch GET 200 https://registry.npmjs.org/jsdom/-/jsdom-26.1.0.tgz 2851ms (cache miss)
2191 http fetch GET 200 https://registry.npmjs.org/caniuse-lite/-/caniuse-lite-1.0.30001774.tgz 3008ms (cache miss)
2192 http fetch GET 200 https://registry.npmjs.org/@img/sharp-libvips-linux-x64/-/sharp-libvips-linux-x64-1.2.4.tgz 3060ms (cache miss)
2193 http fetch GET 200 https://registry.npmjs.org/next 3028ms (cache miss)
2194 silly packumentCache corgi:https://registry.npmjs.org/next set size:undefined disposed:false
2195 http fetch GET 200 https://registry.npmjs.org/typescript/-/typescript-5.9.3.tgz 4272ms (cache miss)
2196 http fetch GET 200 https://registry.npmjs.org/@next/swc-linux-x64-gnu/-/swc-linux-x64-gnu-15.3.3.tgz 6509ms (cache miss)
2197 http fetch GET 200 https://registry.npmjs.org/next/-/next-15.3.3.tgz 9259ms (cache miss)
2198 warn deprecated next@15.3.3: This version has a security vulnerability. Please upgrade to a patched version. See https://nextjs.org/blog/CVE-2025-66478 for more details.
2199 info run sharp@0.34.5 install node_modules/sharp node install/check.js || npm run build
2200 info run sharp@0.34.5 install { code: 0, signal: null }
2201 info run esbuild@0.27.3 postinstall node_modules/esbuild node install.js
2202 info run esbuild@0.27.3 postinstall { code: 0, signal: null }
2203 silly ADD node_modules/stackback
2204 silly ADD node_modules/siginfo
2205 silly ADD node_modules/punycode
2206 silly ADD node_modules/tr46
2207 silly ADD node_modules/safer-buffer
2208 silly ADD node_modules/iconv-lite
2209 silly ADD node_modules/es-module-lexer
2210 silly ADD node_modules/cac
2211 silly ADD node_modules/pathval
2212 silly ADD node_modules/deep-eql
2213 silly ADD node_modules/check-error
2214 silly ADD node_modules/loupe
2215 silly ADD node_modules/tinyspy
2216 silly ADD node_modules/strip-literal
2217 silly ADD node_modules/strip-literal/node_modules/js-tokens
2218 silly ADD node_modules/estree-walker
2219 silly ADD node_modules/assertion-error
2220 silly ADD node_modules/@types/deep-eql
2221 silly ADD node_modules/why-is-node-running
2222 silly ADD node_modules/vite-node
2223 silly ADD node_modules/tinyrainbow
2224 silly ADD node_modules/tinypool
2225 silly ADD node_modules/tinyexec
2226 silly ADD node_modules/tinybench
2227 silly ADD node_modules/std-env
2228 silly ADD node_modules/pathe
2229 silly ADD node_modules/expect-type
2230 silly ADD node_modules/chai
2231 silly ADD node_modules/@vitest/utils
2232 silly ADD node_modules/@vitest/spy
2233 silly ADD node_modules/@vitest/snapshot
2234 silly ADD node_modules/@vitest/runner
2235 silly ADD node_modules/@vitest/pretty-format
2236 silly ADD node_modules/@vitest/mocker
2237 silly ADD node_modules/@vitest/expect
2238 silly ADD node_modules/@types/chai
2239 silly ADD node_modules/@types/estree
2240 silly ADD
2241 silly ADD
2242 silly ADD
2243 silly ADD
2244 silly ADD
2245 silly ADD
2246 silly ADD
2247 silly ADD node_modules/@rollup/rollup-linux-x64-gnu
2248 silly ADD
2249 silly ADD
2250 silly ADD
2251 silly ADD
2252 silly ADD
2253 silly ADD
2254 silly ADD
2255 silly ADD
2256 silly ADD
2257 silly ADD
2258 silly ADD
2259 silly ADD
2260 silly ADD
2261 silly ADD
2262 silly ADD
2263 silly ADD
2264 silly ADD
2265 silly ADD
2266 silly ADD
2267 silly ADD
2268 silly ADD
2269 silly ADD
2270 silly ADD
2271 silly ADD
2272 silly ADD
2273 silly ADD
2274 silly ADD node_modules/@esbuild/linux-x64
2275 silly ADD
2276 silly ADD
2277 silly ADD
2278 silly ADD
2279 silly ADD
2280 silly ADD
2281 silly ADD
2282 silly ADD
2283 silly ADD
2284 silly ADD
2285 silly ADD
2286 silly ADD
2287 silly ADD
2288 silly ADD
2289 silly ADD
2290 silly ADD
2291 silly ADD node_modules/tinyglobby
2292 silly ADD node_modules/rollup
2293 silly ADD node_modules/picomatch
2294 silly ADD
2295 silly ADD node_modules/fdir
2296 silly ADD node_modules/esbuild
2297 silly ADD node_modules/escalade
2298 silly ADD node_modules/tldts-core
2299 silly ADD node_modules/tldts
2300 silly ADD node_modules/client-only
2301 silly ADD node_modules/@emnapi/runtime
2302 silly ADD
2303 silly ADD
2304 silly ADD
2305 silly ADD
2306 silly ADD
2307 silly ADD
2308 silly ADD node_modules/@img/sharp-linux-x64
2309 silly ADD
2310 silly ADD
2311 silly ADD
2312 silly ADD
2313 silly ADD
2314 silly ADD
2315 silly ADD
2316 silly ADD node_modules/@img/sharp-libvips-linux-x64
2317 silly ADD
2318 silly ADD
2319 silly ADD
2320 silly ADD
2321 silly ADD
2322 silly ADD
2323 silly ADD
2324 silly ADD
2325 silly ADD
2326 silly ADD node_modules/@img/colour
2327 silly ADD node_modules/xmlchars
2328 silly ADD node_modules/scheduler
2329 silly ADD node_modules/react-is
2330 silly ADD node_modules/ansi-styles
2331 silly ADD node_modules/ansi-regex
2332 silly ADD node_modules/nanoid
2333 silly ADD node_modules/entities
2334 silly ADD node_modules/streamsearch
2335 silly ADD node_modules/tslib
2336 silly ADD node_modules/styled-jsx
2337 silly ADD node_modules/sharp
2338 silly ADD node_modules/sharp/node_modules/semver
2339 silly ADD node_modules/busboy
2340 silly ADD node_modules/@swc/helpers
2341 silly ADD node_modules/@swc/counter
2342 silly ADD
2343 silly ADD
2344 silly ADD
2345 silly ADD node_modules/@next/swc-linux-x64-gnu
2346 silly ADD
2347 silly ADD
2348 silly ADD
2349 silly ADD
2350 silly ADD node_modules/@next/env
2351 silly ADD node_modules/yallist
2352 silly ADD
2353 silly ADD
2354 silly ADD
2355 silly ADD node_modules/lightningcss-linux-x64-gnu
2356 silly ADD
2357 silly ADD
2358 silly ADD
2359 silly ADD
2360 silly ADD
2361 silly ADD
2362 silly ADD
2363 silly ADD node_modules/detect-libc
2364 silly ADD node_modules/agent-base
2365 silly ADD node_modules/@csstools/color-helpers
2366 silly ADD node_modules/@csstools/css-color-parser
2367 silly ADD node_modules/@csstools/css-parser-algorithms
2368 silly ADD node_modules/@csstools/css-tokenizer
2369 silly ADD node_modules/@csstools/css-calc
2370 silly ADD node_modules/@asamuzakjp/css-color
2371 silly ADD node_modules/@asamuzakjp/css-color/node_modules/lru-cache
2372 silly ADD node_modules/xml-name-validator
2373 silly ADD node_modules/ws
2374 silly ADD node_modules/whatwg-url
2375 silly ADD node_modules/whatwg-mimetype
2376 silly ADD node_modules/whatwg-encoding
2377 silly ADD node_modules/webidl-conversions
2378 silly ADD node_modules/w3c-xmlserializer
2379 silly ADD node_modules/tough-cookie
2380 silly ADD node_modules/symbol-tree
2381 silly ADD node_modules/saxes
2382 silly ADD node_modules/rrweb-cssom
2383 silly ADD node_modules/parse5
2384 silly ADD node_modules/nwsapi
2385 silly ADD node_modules/is-potential-custom-element-name
2386 silly ADD node_modules/https-proxy-agent
2387 silly ADD node_modules/http-proxy-agent
2388 silly ADD node_modules/html-encoding-sniffer
2389 silly ADD node_modules/decimal.js
2390 silly ADD node_modules/data-urls
2391 silly ADD node_modules/cssstyle
2392 silly ADD node_modules/tapable
2393 silly ADD node_modules/graceful-fs
2394 silly ADD node_modules/ms
2395 silly ADD node_modules/update-browserslist-db
2396 silly ADD node_modules/node-releases
2397 silly ADD node_modules/electron-to-chromium
2398 silly ADD node_modules/caniuse-lite
2399 silly ADD node_modules/baseline-browser-mapping
2400 silly ADD node_modules/dequal
2401 silly ADD node_modules/@types/babel__traverse
2402 silly ADD node_modules/@types/babel__template
2403 silly ADD node_modules/@types/babel__generator
2404 silly ADD node_modules/@babel/helper-string-parser
2405 silly ADD node_modules/@babel/helper-globals
2406 silly ADD node_modules/@babel/helper-plugin-utils
2407 silly ADD node_modules/@babel/helper-module-imports
2408 silly ADD node_modules/lru-cache
2409 silly ADD node_modules/browserslist
2410 silly ADD node_modules/@babel/helper-validator-option
2411 silly ADD node_modules/@babel/compat-data
2412 silly ADD node_modules/jsesc
2413 silly ADD node_modules/semver
2414 silly ADD node_modules/json5
2415 silly ADD node_modules/gensync
2416 silly ADD node_modules/debug
2417 silly ADD node_modules/convert-source-map
2418 silly ADD node_modules/@babel/types
2419 silly ADD node_modules/@babel/traverse
2420 silly ADD node_modules/@babel/template
2421 silly ADD node_modules/@babel/parser
2422 silly ADD node_modules/@babel/helpers
2423 silly ADD node_modules/@babel/helper-module-transforms
2424 silly ADD node_modules/@babel/helper-compilation-targets
2425 silly ADD node_modules/@babel/generator
2426 silly ADD node_modules/react-refresh
2427 silly ADD node_modules/@types/babel__core
2428 silly ADD node_modules/@rolldown/pluginutils
2429 silly ADD node_modules/@babel/plugin-transform-react-jsx-source
2430 silly ADD node_modules/@babel/plugin-transform-react-jsx-self
2431 silly ADD node_modules/@babel/core
2432 silly ADD node_modules/csstype
2433 silly ADD node_modules/undici-types
2434 silly ADD node_modules/js-tokens
2435 silly ADD node_modules/@babel/helper-validator-identifier
2436 silly ADD node_modules/pretty-format
2437 silly ADD node_modules/picocolors
2438 silly ADD node_modules/lz-string
2439 silly ADD node_modules/dom-accessibility-api
2440 silly ADD node_modules/aria-query
2441 silly ADD node_modules/@types/aria-query
2442 silly ADD node_modules/@babel/runtime
2443 silly ADD node_modules/@babel/code-frame
2444 silly ADD
2445 silly ADD
2446 silly ADD
2447 silly ADD
2448 silly ADD node_modules/@tailwindcss/oxide-linux-x64-gnu
2449 silly ADD
2450 silly ADD
2451 silly ADD
2452 silly ADD
2453 silly ADD
2454 silly ADD
2455 silly ADD
2456 silly ADD node_modules/@jridgewell/resolve-uri
2457 silly ADD node_modules/@jridgewell/sourcemap-codec
2458 silly ADD node_modules/@jridgewell/trace-mapping
2459 silly ADD node_modules/@jridgewell/gen-mapping
2460 silly ADD node_modules/source-map-js
2461 silly ADD node_modules/magic-string
2462 silly ADD node_modules/lightningcss
2463 silly ADD node_modules/jiti
2464 silly ADD node_modules/enhanced-resolve
2465 silly ADD node_modules/@jridgewell/remapping
2466 silly ADD node_modules/postcss
2467 silly ADD node_modules/@tailwindcss/oxide
2468 silly ADD node_modules/@tailwindcss/node
2469 silly ADD node_modules/@alloc/quick-lru
2470 silly ADD node_modules/vitest
2471 silly ADD node_modules/typescript
2472 silly ADD node_modules/tailwindcss
2473 silly ADD node_modules/next
2474 silly ADD node_modules/next/node_modules/postcss
2475 silly ADD node_modules/jsdom
2476 silly ADD node_modules/vite
2477 silly ADD node_modules/@vitejs/plugin-react
2478 silly ADD node_modules/@types/react-dom
2479 silly ADD node_modules/@types/react
2480 silly ADD node_modules/@types/node
2481 silly ADD node_modules/react-dom
2482 silly ADD node_modules/react
2483 silly ADD node_modules/@testing-library/dom
2484 silly ADD node_modules/@testing-library/react
2485 silly ADD node_modules/@tailwindcss/postcss
2486 verbose cwd /home/jez/agent-jenson/workspace
2487 verbose os Linux 6.8.0-100-generic
2488 verbose node v20.20.0
2489 verbose npm  v10.8.2
2490 verbose exit 0
2491 info ok
